"","Value","Std.Error","t.value","p.value"
"(Intercept)"," 3.25302276","0.60607288"," 5.3673788",0
"EFN1"," 0.62804471","0.25197664"," 2.4924719",0.0127
"abs_med_lat"," 0.03352823","0.01271958"," 2.6359539",0.0084
"fixer1"," 0.69636490","0.30426847"," 2.2886528",0.0222
"woody","-0.34058719","0.12871092","-2.6461407",0.0082
"uses_num_uses"," 0.87400054","0.02514717","34.7554168",0
"annual","-0.08656014","0.14014867","-0.6176308",0.5369
"EFN1:abs_med_lat"," 0.03561697","0.01056592"," 3.3709306",8e-04
"abs_med_lat:fixer1","-0.01310110","0.01311263","-0.9991207",0.3178
