"","Value","Std.Error","t.value","p.value"
"(Intercept)"," 2.90217721","0.34536955"," 8.4031067",0
"EFN1"," 0.62360495","0.26924867"," 2.3160930",0.0206
"abs_med_lat"," 0.03101499","0.01230512"," 2.5204941",0.0118
"fixer1"," 0.67369349","0.28859743"," 2.3343711",0.0196
"woody","-0.44548434","0.12524606","-3.5568730",4e-04
"uses_num_uses"," 0.88304103","0.02489126","35.4759542",0
"annual","-0.09598021","0.13858633","-0.6925662",0.4886
"EFN1:abs_med_lat"," 0.03463120","0.01109755"," 3.1206164",0.0018
"abs_med_lat:fixer1","-0.01367171","0.01272613","-1.0743019",0.2828
