"","Value","Std.Error","t.value","p.value"
"(Intercept)"," 3.22061176","0.61443101"," 5.2416166",0
"EFN1"," 0.65782346","0.27171629"," 2.4209938",0.0155
"abs_med_lat"," 0.03438015","0.01275607"," 2.6951996",0.0071
"fixer1"," 0.72198799","0.30585551"," 2.3605525",0.0183
"woody","-0.32312156","0.12911463","-2.5025946",0.0124
"uses_num_uses"," 0.87874676","0.02515459","34.9338504",0
"annual","-0.08780471","0.14040571","-0.6253642",0.5318
"EFN1:abs_med_lat"," 0.03292711","0.01117896"," 2.9454538",0.0033
"abs_med_lat:fixer1","-0.01339327","0.01316506","-1.0173343",0.3091
