"","Value","Std.Error","t.value","p.value"
"(Intercept)"," 7.461199619","0.278988026","26.74379870",0
"EFN1"," 0.053616647","0.154032917"," 0.34808564",0.728
"abs_med_lat","-0.026864513","0.008168126","-3.28894446",0.0011
"fixer1","-0.016219384","0.245937793","-0.06594913",0.9475
"woody"," 0.045571953","0.088706536"," 0.51373839",0.6078
"uses_num_uses"," 0.037809218","0.012968145"," 2.91554554",0.0038
"annual","-0.035275081","0.083919311","-0.42034522",0.6745
"EFN1:abs_med_lat"," 0.001237694","0.005139449"," 0.24082223",0.8099
"abs_med_lat:fixer1"," 0.002675510","0.008499706"," 0.31477681",0.7531
