"","Value","Std.Error","t.value","p.value"
"(Intercept)"," 5.410307895","0.289788723","18.6698359",0
"EFN1"," 0.267011996","0.155871523"," 1.7130262",0.0877
"abs_med_lat","-0.001650097","0.008283185","-0.1992105",0.8422
"fixer1","-0.047624587","0.252255017","-0.1887954",0.8504
"woody"," 0.017003946","0.089978165"," 0.1889786",0.8502
"uses_num_uses"," 0.021823381","0.013081191"," 1.6683023",0.0963
"annual","-0.220203369","0.084300926","-2.6121109",0.0095
"EFN1:abs_med_lat","-0.007388283","0.005189396","-1.4237269",0.1556
"abs_med_lat:fixer1"," 0.007825084","0.008620475"," 0.9077324",0.3647
