"","Value","Std.Error","t.value","p.value"
"(Intercept)"," 1.753235670","0.273982161"," 6.399086944",0
"EFN1","-0.000725451","0.142385517","-0.005094977",0.9959
"abs_med_lat","-0.008542075","0.007591324","-1.125241790",0.2614
"fixer1"," 0.021692551","0.234281485"," 0.092591827",0.9263
"woody","-0.008063609","0.082407902","-0.097849955",0.9221
"uses_num_uses"," 0.062199926","0.011898180"," 5.227684177",0
"annual","-0.051547226","0.076236275","-0.676150893",0.4995
"EFN1:abs_med_lat"," 0.001762182","0.004725303"," 0.372924631",0.7095
"abs_med_lat:fixer1"," 0.003348582","0.007900243"," 0.423858088",0.672
