"","Value","Std.Error","t.value","p.value"
"(Intercept)"," 1.18330636080","0.080844081","14.636895522",0
"EFN1"," 0.14106761354","0.059476707"," 2.371812776",0.0178
"abs_med_lat"," 0.01693273446","0.002785704"," 6.078439182",0
"fixer1"," 0.27399562172","0.066241141"," 4.136336071",0
"woody","-0.07196793564","0.028081882","-2.562788906",0.0104
"uses_num_uses"," 0.06291772685","0.005495016","11.449962192",0
"annual","-0.09124934863","0.030484649","-2.993288477",0.0028
"EFN1:abs_med_lat","-0.00002146209","0.002442273","-0.008787752",0.993
"abs_med_lat:fixer1","-0.01411512957","0.002874267","-4.910861963",0
