"","Value","Std.Error","t.value","p.value"
"(Intercept)"," 1.21766512","0.160129671"," 7.6042442",0
"EFN1"," 0.14380324","0.059898864"," 2.4007674",0.0164
"abs_med_lat"," 0.01744331","0.002878491"," 6.0598791",0
"fixer1"," 0.27796797","0.069741411"," 3.9856947",1e-04
"woody","-0.04815643","0.028800347","-1.6720782",0.0946
"uses_num_uses"," 0.06140071","0.005538880","11.0854027",0
"annual","-0.09112400","0.030784073","-2.9601021",0.0031
"EFN1:abs_med_lat","-0.00022936","0.002454971","-0.0934268",0.9256
"abs_med_lat:fixer1","-0.01407054","0.002963310","-4.7482498",0
