"","Value","Std.Error","t.value","p.value"
"(Intercept)"," 1.222720612","0.160179458"," 7.6334420",0
"EFN"," 0.138750814","0.055712178"," 2.4904934",0.0128
"abs_med_lat"," 0.017229141","0.002877738"," 5.9870427",0
"fixer"," 0.272470160","0.069637897"," 3.9126707",1e-04
"woody","-0.049698428","0.028768560","-1.7275258",0.0842
"uses_num_uses"," 0.060395617","0.005542921","10.8959904",0
"annual","-0.091025494","0.030745454","-2.9606164",0.0031
"EFN:abs_med_lat"," 0.000871108","0.002325470"," 0.3745943",0.708
"abs_med_lat:fixer","-0.013919568","0.002958949","-4.7042276",0
