"","Value","Std.Error","t.value","p.value"
"(Intercept)"," 7.317946534","0.236341301","30.9634689",0
"EFN1"," 0.200489132","0.127459422"," 1.5729644",0.1168
"abs_med_lat","-0.024836922","0.007595240","-3.2700643",0.0012
"fixer1"," 0.123685155","0.205628138"," 0.6014992",0.548
"woody","-0.041001287","0.070421967","-0.5822230",0.5609
"uses_num_uses"," 0.043041828","0.010164691"," 4.2344453",0
"annual","-0.113701742","0.066117268","-1.7196981",0.0865
"EFN1:abs_med_lat","-0.007341873","0.004263909","-1.7218646",0.0861
"abs_med_lat:fixer1"," 0.007146624","0.007877411"," 0.9072300",0.365
