"","Value","Std.Error","t.value","p.value"
"(Intercept)"," 7.057204656","0.171539669","41.1403653",0
"EFN"," 0.294386137","0.066754305"," 4.4099948",0
"abs_med_lat","-0.029912933","0.003385374","-8.8359304",0
"fixer","-0.072433406","0.081808356","-0.8854035",0.376
"woody"," 0.098701725","0.034005599"," 2.9025139",0.0037
"uses_num_uses"," 0.086860579","0.006655450","13.0510446",0
"annual","-0.091280077","0.036839118","-2.4778030",0.0133
"EFN:abs_med_lat","-0.004435555","0.002791124","-1.5891645",0.1121
"abs_med_lat:fixer"," 0.011898768","0.003485653"," 3.4136414",7e-04
