"","Value","Std.Error","t.value","p.value"
"(Intercept)"," 5.476978384","0.262609028","20.8560171",0
"EFN1"," 0.272304250","0.138436692"," 1.9669948",0.0501
"abs_med_lat","-0.005212357","0.008280789","-0.6294517",0.5295
"fixer1","-0.057557374","0.225884901","-0.2548084",0.799
"woody","-0.140187032","0.076536813","-1.8316288",0.068
"uses_num_uses"," 0.023992771","0.010991008"," 2.1829454",0.0298
"annual","-0.318425246","0.071185086","-4.4732017",0
"EFN1:abs_med_lat","-0.004118442","0.004619941","-0.8914492",0.3734
"abs_med_lat:fixer1"," 0.013792282","0.008590203"," 1.6055827",0.1094
