"","Value","Std.Error","t.value","p.value"
"(Intercept)"," 1.884085802","0.203510498"," 9.2579293",0
"EFN1"," 0.136767340","0.104103875"," 1.3137584",0.1899
"abs_med_lat"," 0.000836094","0.006260678"," 0.1335469",0.8939
"fixer1"," 0.192300570","0.172247453"," 1.1164204",0.2651
"woody","-0.111836001","0.057580232","-1.9422638",0.053
"uses_num_uses"," 0.023364555","0.008216502"," 2.8436132",0.0048
"annual","-0.011718084","0.052898010","-0.2215222",0.8248
"EFN1:abs_med_lat","-0.001023601","0.003461646","-0.2956977",0.7677
"abs_med_lat:fixer1","-0.002126566","0.006495082","-0.3274117",0.7436
