"","Value","Std.Error","t.value","p.value"
"(Intercept)"," 5.102245561","0.180315469","28.2962165",0
"EFN"," 0.141935229","0.067999113"," 2.0873100",0.037
"abs_med_lat","-0.007687619","0.003463292","-2.2197429",0.0265
"fixer","-0.159898422","0.083858308","-1.9067690",0.0567
"woody"," 0.017663052","0.034703978"," 0.5089633",0.6108
"uses_num_uses"," 0.066436151","0.006775361"," 9.8055516",0
"annual","-0.298649618","0.037476209","-7.9690457",0
"EFN:abs_med_lat"," 0.001587722","0.002840851"," 0.5588894",0.5763
"abs_med_lat:fixer"," 0.009180176","0.003564212"," 2.5756536",0.0101
