"","Value","Std.Error","t.value","p.value"
"(Intercept)"," 1.172732152","0.166651087"," 7.0370507",0
"EFN"," 0.158565909","0.057429910"," 2.7610336",0.0058
"abs_med_lat"," 0.017902032","0.002962764"," 6.0423425",0
"fixer"," 0.296069370","0.072088479"," 4.1070276",0
"woody","-0.049997972","0.029450169","-1.6977143",0.0897
"uses_num_uses"," 0.048585236","0.005711371"," 8.5067556",0
"annual","-0.096270255","0.031526570","-3.0536229",0.0023
"EFN:abs_med_lat"," 0.001337309","0.002393437"," 0.5587397",0.5764
"abs_med_lat:fixer","-0.014995595","0.003044788","-4.9250037",0
