"","Value","Std.Error","t.value","p.value"
"(Intercept)"," 5.15847143251","0.091730494","56.23507734",0
"EFN1"," 0.19201071214","0.070746213"," 2.71407759",0.0067
"abs_med_lat","-0.00880148310","0.003247586","-2.71016196",0.0068
"fixer1","-0.13210320942","0.076391033","-1.72930258",0.0839
"woody","-0.01128713060","0.033009158","-0.34193937",0.7324
"uses_num_uses"," 0.08584517658","0.006539751","13.12667322",0
"annual","-0.31031312869","0.036387727","-8.52796125",0
"EFN1:abs_med_lat"," 0.00007574139","0.002913967"," 0.02599253",0.9793
"abs_med_lat:fixer1"," 0.00998964609","0.003357338"," 2.97546664",0.003
