"","Value","Std.Error","t.value","p.value"
"(Intercept)"," 5.1302473150","0.177334355","28.92979933",0
"EFN"," 0.1618822624","0.066744799"," 2.42539141",0.0154
"abs_med_lat","-0.0079756641","0.003411250","-2.33804755",0.0195
"fixer","-0.1428543130","0.082181566","-1.73827683",0.0823
"woody"," 0.0006773520","0.034314419"," 0.01973957",0.9843
"uses_num_uses"," 0.0844007890","0.006650124","12.69161144",0
"annual","-0.3099945661","0.036965542","-8.38604132",0
"EFN:abs_med_lat"," 0.0008453416","0.002791803"," 0.30279412",0.7621
"abs_med_lat:fixer"," 0.0093011738","0.003511773"," 2.64856897",0.0081
