"","Value","Std.Error","t.value","p.value"
"(Intercept)"," 7.095351764","0.159261280","44.551644",0
"EFN"," 0.239474521","0.063332041"," 3.781254",2e-04
"abs_med_lat","-0.029435453","0.003214306","-9.157640",0
"fixer","-0.086632748","0.077149895","-1.122915",0.2616
"woody"," 0.102966869","0.032448063"," 3.173282",0.0015
"uses_num_uses"," 0.094323380","0.006315963","14.934126",0
"annual","-0.072491124","0.035159405","-2.061785",0.0393
"EFN:abs_med_lat","-0.002857626","0.002652748","-1.077233",0.2815
"abs_med_lat:fixer"," 0.011008710","0.003311638"," 3.324249",9e-04
