"","Value","Std.Error","t.value","p.value"
"(Intercept)"," 7.097263251","0.160261572","44.2854963",0
"EFN"," 0.204538612","0.068186032"," 2.9997142",0.0027
"abs_med_lat","-0.029664445","0.003217564","-9.2195364",0
"fixer","-0.084329532","0.077365108","-1.0900202",0.2758
"woody"," 0.105123796","0.032497573"," 3.2348199",0.0012
"uses_num_uses"," 0.095263231","0.006311079","15.0946035",0
"annual","-0.073680459","0.035192780","-2.0936243",0.0364
"EFN:abs_med_lat","-0.001675356","0.002802969","-0.5977078",0.5501
"abs_med_lat:fixer"," 0.011052479","0.003318927"," 3.3301357",9e-04
