"","Value","Std.Error","t.value","p.value"
"(Intercept)"," 7.055063150","0.086266923"," 81.7817872",0
"EFN"," 0.203801615","0.067343865","  3.0262833",0.0025
"abs_med_lat","-0.030793306","0.003076042","-10.0106910",0
"fixer","-0.098075086","0.072116473"," -1.3599540",0.174
"woody"," 0.085145572","0.031314098","  2.7190811",0.0066
"uses_num_uses"," 0.097033553","0.006225801"," 15.5857136",0
"annual","-0.079109522","0.034665953"," -2.2820524",0.0226
"EFN:abs_med_lat","-0.001525304","0.002775925"," -0.5494759",0.5827
"abs_med_lat:fixer"," 0.011218553","0.003181445","  3.5262449",4e-04
