"","Value","Std.Error","t.value","p.value"
"(Intercept)"," 1.9078302955","0.174774249","10.9159691",0
"EFN1"," 0.1520773755","0.070796668"," 2.1480866",0.0318
"abs_med_lat"," 0.0187702627","0.003363363"," 5.5808012",0
"fixer1"," 0.3288574820","0.081131666"," 4.0533801",1e-04
"woody","-0.0750671759","0.033862144","-2.2168465",0.0267
"uses_num_uses"," 0.0795257147","0.006550653","12.1401200",0
"annual","-0.1267793883","0.036482858","-3.4750399",5e-04
"EFN1:abs_med_lat","-0.0008338591","0.002907081","-0.2868372",0.7743
"abs_med_lat:fixer1","-0.0157132895","0.003466808","-4.5324943",0
