"","Value","Std.Error","t.value","p.value"
"(Intercept)"," 1.853952154","0.091901807","20.173185",0
"EFN1"," 0.149143973","0.069993649"," 2.130821",0.0332
"abs_med_lat"," 0.018280384","0.003229953"," 5.659644",0
"fixer1"," 0.326273016","0.076220332"," 4.280656",0
"woody","-0.105302043","0.032768833","-3.213482",0.0013
"uses_num_uses"," 0.081310055","0.006469451","12.568307",0
"annual","-0.126502690","0.035968797","-3.517012",4e-04
"EFN1:abs_med_lat","-0.000599732","0.002880667","-0.208192",0.8351
"abs_med_lat:fixer1","-0.015887164","0.003337466","-4.760248",0
