"","Value","Std.Error","t.value","p.value"
"(Intercept)"," 3.933429510","0.87264654"," 4.5074716",0
"EFN1"," 0.683422053","0.38039042"," 1.7966332",0.0725
"abs_med_lat"," 0.085950928","0.01789182"," 4.8039233",0
"fixer1"," 1.595559973","0.42945754"," 3.7152916",2e-04
"woody","-0.475711636","0.18095913","-2.6288346",0.0086
"uses_num_uses"," 0.436193148","0.03521257","12.3874281",0
"annual","-0.730578228","0.19647672","-3.7183960",2e-04
"EFN1:abs_med_lat","-0.007289797","0.01564521","-0.4659443",0.6413
"abs_med_lat:fixer1","-0.073542229","0.01846180","-3.9834808",1e-04
