"","Value","Std.Error","t.value","p.value"
"(Intercept)"," 3.963024293","0.87285946"," 4.5402777",0
"EFN"," 0.615563475","0.35341667"," 1.7417500",0.0817
"abs_med_lat"," 0.084508563","0.01789729"," 4.7218643",0
"fixer"," 1.565353223","0.42900204"," 3.6488247",3e-04
"woody","-0.481089430","0.18085583","-2.6600714",0.0079
"uses_num_uses"," 0.430874827","0.03525584","12.2213731",0
"annual","-0.731173056","0.19635269","-3.7237741",2e-04
"EFN:abs_med_lat"," 0.001911047","0.01480994"," 0.1290381",0.8973
"abs_med_lat:fixer","-0.072656897","0.01844381","-3.9393654",1e-04
