"","Value","Std.Error","t.value","p.value"
"(Intercept)"," 3.626229461","0.47533866"," 7.6287282",0
"EFN1"," 0.673677250","0.37404962"," 1.8010371",0.0718
"abs_med_lat"," 0.084115106","0.01703017"," 4.9391828",0
"fixer1"," 1.589252509","0.39834648"," 3.9896236",1e-04
"woody","-0.641539780","0.17352082","-3.6971920",2e-04
"uses_num_uses"," 0.445030830","0.03458185","12.8689132",0
"annual","-0.727356566","0.19264457","-3.7756400",2e-04
"EFN1:abs_med_lat","-0.006332481","0.01542594","-0.4105086",0.6815
"abs_med_lat:fixer1","-0.074875462","0.01761880","-4.2497480",0
