"","species","intrdcd.x","mean_wal_score"
"1","Abrus_fruticulosus",0,0.0894106666666667
"2","Abrus_fruticulosus",1,0.141491525423729
"3","Abrus_precatorius",0,0.145252351738241
"4","Abrus_precatorius",1,0.0932668112798265
"5","Acacia_acinacea",0,0.0168085341180799
"6","Acacia_acradenia",0,0.0377917981072555
"7","Acacia_acuminata",0,0.053
"8","Acacia_adsurgens",0,0.0267469287469288
"9","Acacia_adunca",0,0.038879746835443
"10","Acacia_alata",0,0.053
"11","Acacia_alleniana",0,0.021985119047619
"12","Acacia_alpina",0,0.0257413793103448
"13","Acacia_amoena",0,0.03064
"14","Acacia_ampliceps",0,0.0422140077821012
"15","Acacia_anceps",0,0.0153928571428571
"16","Acacia_ancistrocarpa",0,0.031436
"17","Acacia_aneura",0,0.0271092964824121
"18","Acacia_argyrodendron",0,0.043
"19","Acacia_aspera",0,0.0197837837837838
"20","Acacia_aulacocarpa",0,0.0446750902527076
"21","Acacia_auriculiformis",0,0.0517728937728931
"22","Acacia_auriculiformis",1,0.235346686746989
"23","Acacia_baileyana",0,0.036
"24","Acacia_baileyana",1,0.0509441389290886
"25","Acacia_bidentata",0,0.053
"26","Acacia_biflora",0,0.053
"27","Acacia_binervata",0,0.0361136203246295
"28","Acacia_binervia",0,0.0357724687144482
"29","Acacia_bivenosa",0,0.0367906712172924
"30","Acacia_blakei",0,0.0390425196850394
"31","Acacia_blakelyi",0,0.053
"32","Acacia_brachybotrya",0,0.0196426666666666
"33","Acacia_brachystachya",0,0.0295412293853073
"34","Acacia_brassii",0,0.043
"35","Acacia_brownii",0,0.0320570605187319
"36","Acacia_brumalis",0,0.053
"37","Acacia_buxifolia",0,0.035030612244898
"38","Acacia_bynoeana",0,0.036
"39","Acacia_calamifolia",0,0.017835403726708
"40","Acacia_cambagei",0,0.0328689516129032
"41","Acacia_cana",0,0.0368525641025641
"42","Acacia_cangaiensis",0,0.036
"43","Acacia_cardiophylla",0,0.036
"44","Acacia_catenulata",0,0.0450394088669951
"45","Acacia_celastrifolia",0,0.053
"46","Acacia_chrysotricha",0,0.036
"47","Acacia_cincinnata",0,0.043
"48","Acacia_citrinoviridis",0,0.053
"49","Acacia_cognata",0,0.0259137931034482
"50","Acacia_colei",0,0.0386442006269592
"51","Acacia_colletioides",0,0.0312690829214718
"52","Acacia_complanata",0,0.040518779342723
"53","Acacia_concurrens",0,0.0383878852284803
"54","Acacia_confusa",0,0.114385638297872
"55","Acacia_confusa",1,0.295706790123457
"56","Acacia_coriacea",0,0.046283185840708
"57","Acacia_cowleana",0,0.0286264090177134
"58","Acacia_crassicarpa",0,0.0900386740331494
"59","Acacia_cultriformis",0,0.0365049751243781
"60","Acacia_cultriformis",1,0.213090909090909
"61","Acacia_cuthbertsonii",0,0.0356818181818181
"62","Acacia_cyclops",0,0.0292608695652174
"63","Acacia_cyclops",1,0.190334767641997
"64","Acacia_cyperophylla",0,0.0313260869565217
"65","Acacia_dangarensis",0,0.036
"66","Acacia_dealbata",0,0.0207688844684088
"67","Acacia_dealbata",1,0.101590013999067
"68","Acacia_deanei",0,0.0355884282731882
"69","Acacia_deanei",1,0.516
"70","Acacia_decora",0,0.0366657398826073
"71","Acacia_decurrens",0,0.036
"72","Acacia_decurrens",1,0.135463730569947
"73","Acacia_dictyophleba",0,0.0302727272727272
"74","Acacia_difficilis",0,0.0205931603773585
"75","Acacia_dimidiata",0,0.0204720149253731
"76","Acacia_doratoxylon",0,0.0351031390134529
"77","Acacia_drummondii",0,0.053
"78","Acacia_dunnii",0,0.0357611940298507
"79","Acacia_elata",0,0.036
"80","Acacia_elata",1,0.0779337016574587
"81","Acacia_elongata",0,0.036
"82","Acacia_eremaea",0,0.053
"83","Acacia_ericifolia",0,0.053
"84","Acacia_erinacea",0,0.0524
"85","Acacia_estrophiolata",0,0.0197616974972797
"86","Acacia_excelsa",0,0.0394342541436464
"87","Acacia_extensa",0,0.053
"88","Acacia_falcata",0,0.037058583106267
"89","Acacia_falciformis",0,0.0314787954830613
"90","Acacia_filicifolia",0,0.0360833953834698
"91","Acacia_filifolia",0,0.053
"92","Acacia_fimbriata",0,0.0385463817387081
"93","Acacia_fimbriata",1,0.23
"94","Acacia_flexifolia",0,0.0301738035264483
"95","Acacia_floribunda",0,0.032036231884058
"96","Acacia_floribunda",1,0.0175714285714286
"97","Acacia_fulva",0,0.036
"98","Acacia_genistifolia",0,0.0199617516629714
"99","Acacia_georginae",0,0.0246356736242884
"100","Acacia_gittinsii",0,0.043
"101","Acacia_gladiiformis",0,0.036
"102","Acacia_glaucocarpa",0,0.043
"103","Acacia_glaucoptera",0,0.053
"104","Acacia_gonocarpa",0,0.0229173913043478
"105","Acacia_granitica",0,0.0382941176470588
"106","Acacia_hakeoides",0,0.024504872563718
"107","Acacia_harpophylla",0,0.0402298424467099
"108","Acacia_harveyi",0,0.053
"109","Acacia_hastulata",0,0.053
"110","Acacia_havilandiorum",0,0.029876993166287
"111","Acacia_hemsleyi",0,0.0360327868852459
"112","Acacia_heterophylla",0,0.035
"113","Acacia_heterophylla",1,0.202
"114","Acacia_hilliana",0,0.0314931034482759
"115","Acacia_hippuroides",0,0.053
"116","Acacia_holosericea",0,0.0297246161466074
"117","Acacia_holosericea",1,0.295
"118","Acacia_horridula",0,0.053
"119","Acacia_huegelii",0,0.053
"120","Acacia_implexa",0,0.0293013651087463
"121","Acacia_implexa",1,0.23
"122","Acacia_irrorata",0,0.0363845448992059
"123","Acacia_iteaphylla",0,0.014
"124","Acacia_iteaphylla",1,0.0233725099601593
"125","Acacia_ixiophylla",0,0.0388329764453961
"126","Acacia_jonesii",0,0.036
"127","Acacia_julifera",0,0.043
"128","Acacia_juncifolia",0,0.041
"129","Acacia_kempeana",0,0.0228457169900616
"130","Acacia_koa",0,0.032
"131","Acacia_lachnophylla",0,0.053
"132","Acacia_latescens",0,0.02
"133","Acacia_latifolia",0,0.026203488372093
"134","Acacia_leiocalyx",0,0.0401000415110005
"135","Acacia_leptocarpa",0,0.0404939759036144
"136","Acacia_leucoclada",0,0.0372926136363636
"137","Acacia_ligulata",0,0.0189050811573748
"138","Acacia_linarioides",0,0.02
"139","Acacia_linearifolia",0,0.036
"140","Acacia_lineata",0,0.0310113636363636
"141","Acacia_linifolia",0,0.036
"142","Acacia_loderi",0,0.0321286549707602
"143","Acacia_longifolia",0,0.0280076096687555
"144","Acacia_longifolia",1,0.0663536025699856
"145","Acacia_longispicata",0,0.043
"146","Acacia_longissima",0,0.0368098510882016
"147","Acacia_lunata",0,0.036
"148","Acacia_lysiphloia",0,0.0241950439648281
"149","Acacia_maconochieana",0,0.0321224489795918
"150","Acacia_mangium",0,0.136820083682008
"151","Acacia_mangium",1,0.346655462184874
"152","Acacia_mearnsii",0,0.020478751660027
"153","Acacia_mearnsii",1,0.168968112244899
"154","Acacia_melanoxylon",0,0.0203797062234244
"155","Acacia_melanoxylon",1,0.135478855079937
"156","Acacia_melleodora",0,0.0274223300970874
"157","Acacia_microbotrya",0,0.053
"158","Acacia_mimula",0,0.02
"159","Acacia_monticola",0,0.0341448900388098
"160","Acacia_mooreana",0,0.053
"161","Acacia_mucronata",0,0.0167747712672767
"162","Acacia_multisiliqua",0,0.0278648648648648
"163","Acacia_mutabilis",0,0.0498977272727273
"164","Acacia_myrtifolia",0,0.0234486156148663
"165","Acacia_nanodealbata",0,0.016
"166","Acacia_neriifolia",0,0.0382949771689498
"167","Acacia_neriifolia",1,0.701
"168","Acacia_nervosa",0,0.053
"169","Acacia_neurocarpa",0,0.0322163461538462
"170","Acacia_nigricans",0,0.053
"171","Acacia_notabilis",0,0.0142759276879163
"172","Acacia_olgana",0,0.018045871559633
"173","Acacia_oncinocarpa",0,0.02
"174","Acacia_oshanesii",0,0.0401893939393939
"175","Acacia_oswaldii",0,0.0228680584551151
"176","Acacia_oxycedrus",0,0.0203386027536972
"177","Acacia_papyrocarpa",0,0.0170573543015726
"178","Acacia_paradoxa",0,0.0180821026541361
"179","Acacia_paradoxa",1,0.0621937984496124
"180","Acacia_parvipinnula",0,0.036
"181","Acacia_patagiata",0,0.053
"182","Acacia_pellita",0,0.02
"183","Acacia_pendula",0,0.0359384395132427
"184","Acacia_pentadenia",0,0.053
"185","Acacia_platycarpa",0,0.0283833464257659
"186","Acacia_plectocarpa",0,0.0273588456712672
"187","Acacia_podalyriifolia",0,0.0392619485294118
"188","Acacia_podalyriifolia",1,0.0778432055749128
"189","Acacia_polybotrya",0,0.0374375
"190","Acacia_polystachya",0,0.043
"191","Acacia_pravissima",0,0.0222397072278133
"192","Acacia_prominens",0,0.036
"193","Acacia_pubescens",0,0.036
"194","Acacia_pulchella",0,0.053
"195","Acacia_pycnantha",0,0.0158020546229016
"196","Acacia_pycnantha",1,0.125909333333333
"197","Acacia_pyrifolia",0,0.053
"198","Acacia_redolens",0,0.053
"199","Acacia_restiacea",0,0.053
"200","Acacia_retinodes",0,0.014
"201","Acacia_retinodes",1,0.114107142857143
"202","Acacia_rigens",0,0.0229381399317406
"203","Acacia_rossei",0,0.053
"204","Acacia_rostellifera",0,0.053
"205","Acacia_rothii",0,0.043
"206","Acacia_rubida",0,0.0314427812650894
"207","Acacia_salicina",0,0.0314746560463433
"208","Acacia_salicina",1,0.0932307692307692
"209","Acacia_saligna",0,0.053
"210","Acacia_saligna",1,0.125574567554932
"211","Acacia_sclerosperma",0,0.053
"212","Acacia_sclerosperma",1,0.064
"213","Acacia_shirleyi",0,0.0295558739255015
"214","Acacia_silvestris",0,0.0249655172413794
"215","Acacia_simsii",0,0.0699773584905659
"216","Acacia_sparsiflora",0,0.043
"217","Acacia_spathulifolia",0,0.053
"218","Acacia_spectabilis",0,0.0373303867403315
"219","Acacia_spinescens",0,0.0143219264892269
"220","Acacia_spinosissima",0,0.053
"221","Acacia_squamata",0,0.053
"222","Acacia_stenophylla",0,0.0300055846422337
"223","Acacia_stenoptera",0,0.053
"224","Acacia_stipuligera",0,0.0279559902200489
"225","Acacia_stricta",0,0.0206211739287001
"226","Acacia_suaveolens",0,0.0305222154595253
"227","Acacia_subcaerulea",0,0.053
"228","Acacia_sulcata",0,0.053
"229","Acacia_tenuissima",0,0.0301362196409714
"230","Acacia_tephrina",0,0.0420659898477157
"231","Acacia_terminalis",0,0.0292918481642811
"232","Acacia_terminalis",1,0.1365
"233","Acacia_tetragonocarpa",0,0.053
"234","Acacia_tetragonophylla",0,0.0278258478460127
"235","Acacia_thomsonii",0,0.0311754385964912
"236","Acacia_torulosa",0,0.0280889830508475
"237","Acacia_trachycarpa",0,0.053
"238","Acacia_trachyphloia",0,0.036
"239","Acacia_translucens",0,0.0348582089552239
"240","Acacia_trineura",0,0.0256581818181818
"241","Acacia_triptera",0,0.0350407876230661
"242","Acacia_tumida",0,0.0400681520314548
"243","Acacia_ulicifolia",0,0.0344344095404303
"244","Acacia_umbellata",0,0.0312072727272727
"245","Acacia_uncifera",0,0.043
"246","Acacia_urophylla",0,0.053
"247","Acacia_verniciflua",0,0.0209193811074919
"248","Acacia_verticillata",0,0.0160332249070632
"249","Acacia_verticillata",1,0.0454869565217391
"250","Acacia_vestita",0,0.036
"251","Acacia_vestita",1,0.043
"252","Acacia_victoriae",0,0.0213077526987245
"253","Acacia_wilhelmiana",0,0.0217628865979382
"254","Acacia_willdenowiana",0,0.053
"255","Acacia_yirrkallensis",0,0.02
"256","Acmispon_americanus",0,0.0384322105859043
"257","Acmispon_americanus",1,0.029
"258","Acmispon_brachycarpus",0,0.0386381197681905
"259","Acmispon_maritimus",0,0.0467683946488294
"260","Acmispon_parviflorus",0,0.0332403189066059
"261","Acmispon_subpinnatus",0,0.10448
"262","Acmispon_wrangelianus",0,0.04284
"263","Acosmium_lentiscifolium",0,0.140379310344828
"264","Acrocarpus_fraxinifolius",0,0.58328947368421
"265","Acrocarpus_fraxinifolius",1,0.200769230769231
"266","Adenanthera_intermedia",0,0.72
"267","Adenocarpus_complicatus",0,0.127175359342916
"268","Adenocarpus_complicatus",1,0.053
"269","Adenocarpus_decorticans",0,0.155344871794872
"270","Adenocarpus_foliolosus",0,0.06
"271","Adenodolichos_punctatus",0,0.285320754716981
"272","Adesmia_latifolia",0,0.101586956521739
"273","Adesmia_muricata",0,0.0719
"274","Adesmia_punctata",0,0.0893870967741936
"275","Aeschynomene_abyssinica",0,0.197896551724138
"276","Aeschynomene_afraspera",0,0.0611489361702128
"277","Aeschynomene_americana",0,0.189252811997857
"278","Aeschynomene_americana",1,0.259720081135903
"279","Aeschynomene_aspera",0,0.0775641025641026
"280","Aeschynomene_aspera",1,0.043
"281","Aeschynomene_bracteosa",0,0.259125
"282","Aeschynomene_brevifolia",0,0.0998499999999999
"283","Aeschynomene_brevifolia",1,0.04218
"284","Aeschynomene_ciliata",0,0.271160305343511
"285","Aeschynomene_crassicaulis",0,0.0942307692307692
"286","Aeschynomene_cristata",0,0.150686746987952
"287","Aeschynomene_denticulata",0,0.0860166666666667
"288","Aeschynomene_elaphroxylon",0,0.159382113821138
"289","Aeschynomene_evenia",0,0.162032258064516
"290","Aeschynomene_filosa",0,0.113386363636364
"291","Aeschynomene_fluitans",0,0.161877192982456
"292","Aeschynomene_fluitans",1,0.031
"293","Aeschynomene_fluminensis",0,0.155861111111111
"294","Aeschynomene_indica",0,0.108282928388746
"295","Aeschynomene_indica",1,0.327298850574713
"296","Aeschynomene_lateritia",0,0.0814175824175825
"297","Aeschynomene_mimosifolia",0,0.231294117647059
"298","Aeschynomene_minutiflora",0,0.263628571428571
"299","Aeschynomene_nilotica",0,0.133583333333333
"300","Aeschynomene_nodulosa",0,0.25255737704918
"301","Aeschynomene_nyassana",0,0.239891891891892
"302","Aeschynomene_pratensis",0,0.174826446280992
"303","Aeschynomene_rehmannii",0,0.0426190476190476
"304","Aeschynomene_rudis",0,0.221638513513513
"305","Aeschynomene_rudis",1,0.0398
"306","Aeschynomene_scabra",0,0.15945652173913
"307","Aeschynomene_schimperi",0,0.180324324324324
"308","Aeschynomene_schimperi",1,0.202
"309","Aeschynomene_schliebenii",0,0.240363636363636
"310","Aeschynomene_sensitiva",0,0.192033986928105
"311","Aeschynomene_sensitiva",1,0.046
"312","Aeschynomene_tambacoundensis",0,0.0489152542372881
"313","Aeschynomene_uniflora",0,0.125796992481203
"314","Aeschynomene_uniflora",1,0.035
"315","Aeschynomene_virginica",0,0.0605
"316","Aeschynomene_virginica",1,0.0554117647058824
"317","Afzelia_rhomboidea",0,0.712292682926829
"318","Aganope_gabonica",0,0.0879583333333333
"319","Albizia_adinocephala",0,0.106890995260664
"320","Albizia_amara",0,0.281522388059702
"321","Albizia_anthelmintica",0,0.141427184466019
"322","Albizia_antunesiana",0,0.221549180327869
"323","Albizia_brevifolia",0,0.179025641025641
"324","Albizia_carbonaria",0,0.777706401766004
"325","Albizia_carbonaria",1,0.277638888888889
"326","Albizia_chevalieri",0,0.072433962264151
"327","Albizia_chinensis",0,0.483661971830986
"328","Albizia_chinensis",1,0.124563636363636
"329","Albizia_coriaria",0,0.187790476190476
"330","Albizia_edwallii",0,0.104671875
"331","Albizia_forbesii",0,0.159064516129032
"332","Albizia_gummifera",0,0.19737084398977
"333","Albizia_harveyi",0,0.145146953405018
"334","Albizia_inundata",0,0.0761363636363636
"335","Albizia_julibrissin",0,0.180573556797019
"336","Albizia_julibrissin",1,0.0667645440251575
"337","Albizia_kalkora",0,0.442311546840959
"338","Albizia_lebbeck",0,0.680455882352941
"339","Albizia_lebbeck",1,0.139708310700706
"340","Albizia_lebbekoides",0,0.407117647058824
"341","Albizia_lucidior",0,0.597377551020408
"342","Albizia_multiflora",0,0.401714285714286
"343","Albizia_niopoides",0,0.461909730363424
"344","Albizia_niopoides",1,0.032
"345","Albizia_odoratissima",0,0.54762
"346","Albizia_odoratissima",1,0.256857142857143
"347","Albizia_petersiana",0,0.186333333333333
"348","Albizia_polycephala",0,0.115227777777778
"349","Albizia_procera",0,0.259006993006993
"350","Albizia_procera",1,0.061
"351","Albizia_retusa",0,0.241303571428571
"352","Albizia_saponaria",0,0.422482142857143
"353","Albizia_schimperiana",0,0.200525423728814
"354","Albizia_subdimidiata",0,0.3168671875
"355","Albizia_tanganyicensis",0,0.15728125
"356","Albizia_versicolor",0,0.158990566037736
"357","Aldina_heterophylla",0,0.125
"358","Aldina_latifolia",0,0.366073684210526
"359","Alexa_grandiflora",0,0.125
"360","Alexa_imperatricis",0,0.153
"361","Alhagi_maurorum",0,0.22860775862069
"362","Alhagi_maurorum",1,0.0291315789473684
"363","Almaleea_paludosa",0,0.0322091503267974
"364","Alysicarpus_bupleurifolius",0,0.408035714285714
"365","Alysicarpus_bupleurifolius",1,0.048
"366","Alysicarpus_glumaceus",0,0.111426195426195
"367","Alysicarpus_monilifer",0,0.579969230769231
"368","Alysicarpus_monilifer",1,0.128666666666667
"369","Alysicarpus_ovalifolius",0,0.0736462945139556
"370","Alysicarpus_ovalifolius",1,0.0443171296296296
"371","Alysicarpus_rugosus",0,0.133243276283618
"372","Alysicarpus_rugosus",1,0.031
"373","Alysicarpus_vaginalis",0,0.279444277108434
"374","Alysicarpus_vaginalis",1,0.103495677233429
"375","Alysicarpus_zeyheri",0,0.143151162790698
"376","Amblygonocarpus_andongensis",0,0.155025316455696
"377","Amburana_cearensis",0,0.0966478873239437
"378","Amicia_zygomeris",0,0.179175853018373
"379","Ammopiptanthus_mongolicus",0,0.17325
"380","Amorpha_californica",0,0.0488938307030129
"381","Amorpha_canescens",0,0.0187978802070495
"382","Amorpha_canescens",1,0.097
"383","Amorpha_fruticosa",0,0.0332208383961118
"384","Amorpha_fruticosa",1,0.11935608395714
"385","Amorpha_herbacea",0,0.0420625
"386","Amorpha_nana",0,0.0164761904761905
"387","Amphicarpaea_bracteata",0,0.0289320886559668
"388","Amphithalea_ericifolia",0,0.23
"389","Anadenanthera_colubrina",0,0.108865525672371
"390","Anadenanthera_peregrina",0,0.173735074626865
"391","Anagyris_foetida",0,0.147135483870969
"392","Anagyris_foetida",1,0.014
"393","Andira_anthelmia",0,0.129763157894737
"394","Andira_coriacea",0,0.0819615384615385
"395","Andira_fraxinifolia",0,0.111678244972578
"396","Andira_inermis",0,0.26064899713467
"397","Andira_inermis",1,0.381392857142857
"398","Andira_legalis",0,0.096
"399","Andira_micrantha",0,0.152
"400","Andira_nitida",0,0.09325
"401","Andira_parviflora",0,0.125
"402","Andira_surinamensis",0,0.405945736434109
"403","Andira_unifoliolata",0,0.125
"404","Anthyllis_barba-jovis",0,0.118616161616162
"405","Anthyllis_barba-jovis",1,0.014
"406","Anthyllis_cornicina",0,0.136814606741573
"407","Anthyllis_cytisoides",0,0.150909486348913
"408","Anthyllis_lotoides",0,0.129174269005848
"409","Anthyllis_montana",0,0.125195502601107
"410","Anthyllis_vulneraria",0,0.103306299959012
"411","Anthyllis_vulneraria",1,0.0252592592592593
"412","Antopetitia_abyssinica",0,0.16272049689441
"413","Aotus_ericoides",0,0.0243124999999999
"414","Aotus_lanigera",0,0.0404227272727273
"415","Aotus_tietkensii",0,0.053
"416","Apios_americana",0,0.0320605276771857
"417","Apios_americana",1,0.122923076923077
"418","Apios_carnea",0,0.563338624338624
"419","Apuleia_leiocarpa",0,0.187119828815977
"420","Arachis_batizocoi",0,0.174459016393443
"421","Arachis_burkartii",0,0.0963167701863354
"422","Arachis_cardenasii",0,0.182754716981132
"423","Arachis_diogoi",0,0.108745098039216
"424","Arachis_duranensis",0,0.118551020408163
"425","Arachis_glabrata",0,0.0926815203145479
"426","Arachis_glabrata",1,0.0314285714285714
"427","Arachis_helodes",0,0.056
"428","Arachis_hypogaea",0,0.187
"429","Arachis_hypogaea",1,0.358153400868306
"430","Arachis_monticola",0,0.076
"431","Arachis_pintoi",0,0.110068548387097
"432","Arachis_pintoi",1,0.484181818181818
"433","Arachis_prostrata",0,0.0811277533039647
"434","Arachis_pusilla",0,0.0892173913043478
"435","Arachis_stenosperma",0,0.0748170731707317
"436","Arachis_villosa",0,0.0855277777777778
"437","Archidendron_bigeminum",0,0.671884615384615
"438","Archidendron_bubalinum",0,0.3782
"439","Archidendron_clypearia",0,0.47690635451505
"440","Archidendron_ellipticum",0,0.369466165413534
"441","Archidendron_jiringa",0,0.362083333333333
"442","Archidendron_lucidum",0,0.224633064516129
"443","Archidendron_scutiferum",0,0.72
"444","Archidendron_utile",0,0.37304
"445","Archidendropsis_basaltica",0,0.043
"446","Archidendropsis_thozetiana",0,0.043
"447","Argyrolobium_amplexicaule",0,0.0954482758620689
"448","Argyrolobium_biebersteinii",0,0.220471264367816
"449","Argyrolobium_harveyanum",0,0.0932086330935251
"450","Argyrolobium_lunare",0,0.23
"451","Argyrolobium_molle",0,0.160145299145299
"452","Argyrolobium_pauciflorum",0,0.09425
"453","Argyrolobium_roseum",0,0.382493150684932
"454","Argyrolobium_rupestre",0,0.120553571428571
"455","Argyrolobium_speciosum",0,0.0729868421052632
"456","Argyrolobium_stipulaceum",0,0.0932837837837838
"457","Argyrolobium_tomentosum",0,0.117196581196581
"458","Argyrolobium_transvaalense",0,0.043
"459","Argyrolobium_tuberosum",0,0.0821501706484643
"460","Argyrolobium_uniflorum",0,0.0899090909090909
"461","Argyrolobium_zanonii",0,0.137398172658185
"462","Aspalathus_abietina",0,0.23
"463","Aspalathus_acuminata",0,0.23
"464","Aspalathus_albens",0,0.23
"465","Aspalathus_alopecurus",0,0.23
"466","Aspalathus_angustifolia",0,0.23
"467","Aspalathus_araneosa",0,0.23
"468","Aspalathus_aspalathoides",0,0.23
"469","Aspalathus_asparagoides",0,0.23
"470","Aspalathus_astroites",0,0.23
"471","Aspalathus_biflora",0,0.23
"472","Aspalathus_bodkinii",0,0.23
"473","Aspalathus_bracteata",0,0.23
"474","Aspalathus_capensis",0,0.23
"475","Aspalathus_carnosa",0,0.23
"476","Aspalathus_cephalotes",0,0.23
"477","Aspalathus_chenopoda",0,0.23
"478","Aspalathus_chortophila",0,0.162992125984252
"479","Aspalathus_ciliaris",0,0.23
"480","Aspalathus_cordata",0,0.23
"481","Aspalathus_crassisepala",0,0.23
"482","Aspalathus_crenata",0,0.23
"483","Aspalathus_divaricata",0,0.2289375
"484","Aspalathus_ericifolia",0,0.23
"485","Aspalathus_flexuosa",0,0.23
"486","Aspalathus_forbesii",0,0.23
"487","Aspalathus_gerrardii",0,0.09125
"488","Aspalathus_heterophylla",0,0.23
"489","Aspalathus_hirta",0,0.23
"490","Aspalathus_hispida",0,0.23
"491","Aspalathus_hystrix",0,0.23
"492","Aspalathus_juniperina",0,0.23
"493","Aspalathus_lactea",0,0.23
"494","Aspalathus_laricifolia",0,0.222291666666667
"495","Aspalathus_linearis",0,0.23
"496","Aspalathus_linguiloba",0,0.23
"497","Aspalathus_microphylla",0,0.23
"498","Aspalathus_muraltioides",0,0.23
"499","Aspalathus_nigra",0,0.23
"500","Aspalathus_nivea",0,0.23
"501","Aspalathus_opaca",0,0.23
"502","Aspalathus_pachyloba",0,0.23
"503","Aspalathus_pendula",0,0.23
"504","Aspalathus_quinquefolia",0,0.23
"505","Aspalathus_recurva",0,0.23
"506","Aspalathus_retroflexa",0,0.23
"507","Aspalathus_rubens",0,0.23
"508","Aspalathus_salteri",0,0.23
"509","Aspalathus_sericea",0,0.23
"510","Aspalathus_setacea",0,0.23
"511","Aspalathus_spicata",0,0.23
"512","Aspalathus_spinescens",0,0.23
"513","Aspalathus_spinosa",0,0.225173913043478
"514","Aspalathus_stenophylla",0,0.23
"515","Aspalathus_ternata",0,0.23
"516","Aspalathus_tuberculata",0,0.23
"517","Aspalathus_uniflora",0,0.23
"518","Astragalus_agrestis",0,0.0207041965199591
"519","Astragalus_allochrous",0,0.0332081911262799
"520","Astragalus_alopecuroides",0,0.150820816864295
"521","Astragalus_alpinus",0,0.0765551515151513
"522","Astragalus_americanus",0,0.0194914089347079
"523","Astragalus_amherstianus",0,0.43758064516129
"524","Astragalus_angustifolius",0,0.321058441558441
"525","Astragalus_annularis",0,0.0777747747747748
"526","Astragalus_arenarius",0,0.0768081991215227
"527","Astragalus_arenarius",1,0.143
"528","Astragalus_argophyllus",0,0.0283852459016393
"529","Astragalus_armatus",0,0.239973684210526
"530","Astragalus_asper",0,0.0708083333333333
"531","Astragalus_asymmetricus",0,0.043
"532","Astragalus_atropilosulus",0,0.183875
"533","Astragalus_australis",0,0.0987922283901665
"534","Astragalus_beckwithii",0,0.0259554730983302
"535","Astragalus_bisulcatus",0,0.0256138072453862
"536","Astragalus_bisulcatus",1,0.043
"537","Astragalus_bodinii",0,0.0147702702702703
"538","Astragalus_boeticus",0,0.113671497584541
"539","Astragalus_boeticus",1,0.074
"540","Astragalus_bolanderi",0,0.043
"541","Astragalus_brachycarpus",0,0.190051282051282
"542","Astragalus_brazoensis",0,0.039
"543","Astragalus_callichrous",0,0.0647940074906367
"544","Astragalus_canadensis",0,0.0258368444643658
"545","Astragalus_ceramicus",0,0.0247361853832442
"546","Astragalus_chinensis",0,0.0926333333333333
"547","Astragalus_chlorostachys",0,0.435264705882353
"548","Astragalus_chrysopterus",0,0.263939393939394
"549","Astragalus_cicer",0,0.0766999628666914
"550","Astragalus_cicer",1,0.030260162601626
"551","Astragalus_crassicarpus",0,0.0235827586206897
"552","Astragalus_crenatus",0,0.242247933884297
"553","Astragalus_danicus",0,0.0644452323194634
"554","Astragalus_densiflorus",0,0.234744186046512
"555","Astragalus_drummondii",0,0.0278962765957447
"556","Astragalus_echinatus",0,0.146663522012579
"557","Astragalus_eucosmus",0,0.0197283464566929
"558","Astragalus_falcatus",0,0.116291262135922
"559","Astragalus_falcatus",1,0.0329090909090909
"560","Astragalus_filicaulis",0,0.42977
"561","Astragalus_flexuosus",0,0.0235413711583924
"562","Astragalus_frigidus",0,0.0739162105263158
"563","Astragalus_galegiformis",0,0.18468085106383
"564","Astragalus_gambelianus",0,0.0437441860465116
"565","Astragalus_geminiflorus",0,0.364
"566","Astragalus_glaux",0,0.152549822064057
"567","Astragalus_glycyphyllos",0,0.0984631567041775
"568","Astragalus_glycyphyllos",1,0.025
"569","Astragalus_gracilis",0,0.0212970149253731
"570","Astragalus_graveolens",0,0.468705882352941
"571","Astragalus_hamosus",0,0.154820639459319
"572","Astragalus_hamosus",1,0.0319411764705882
"573","Astragalus_himalayanus",0,0.444545454545455
"574","Astragalus_hispidulus",0,0.0671060606060606
"575","Astragalus_hornii",0,0.0697333333333333
"576","Astragalus_humistratus",0,0.0286060606060606
"577","Astragalus_hypogaeus",0,0.106125
"578","Astragalus_hypoglottis",0,0.127830263157895
"579","Astragalus_kentrophyta",0,0.0284803493449782
"580","Astragalus_lehmannianus",0,0.267551724137931
"581","Astragalus_lentiginosus",0,0.0337163172288058
"582","Astragalus_leontinus",0,0.089672131147541
"583","Astragalus_leptocarpus",0,0.0379735099337748
"584","Astragalus_leucocephalus",0,0.434243243243243
"585","Astragalus_lindheimeri",0,0.037668202764977
"586","Astragalus_lonchocarpus",0,0.0245569620253164
"587","Astragalus_miniatus",0,0.137081081081081
"588","Astragalus_miser",0,0.0272520683949256
"589","Astragalus_missouriensis",0,0.0279002403846154
"590","Astragalus_mollissimus",0,0.0407182974989028
"591","Astragalus_monspessulanus",0,0.127579326685753
"592","Astragalus_neglectus",0,0.01875
"593","Astragalus_nothoxys",0,0.0400818181818182
"594","Astragalus_nuttallianus",0,0.0393118143459915
"595","Astragalus_nuttallii",0,0.043
"596","Astragalus_onobrychis",0,0.0925772751750136
"597","Astragalus_onobrychis",1,0.09
"598","Astragalus_oxyglottis",0,0.047
"599","Astragalus_palmeri",0,0.065102564102564
"600","Astragalus_pectinatus",0,0.0267090395480226
"601","Astragalus_pehuenches",0,0.069925
"602","Astragalus_ponticus",0,0.148609090909091
"603","Astragalus_purshii",0,0.02970675944334
"604","Astragalus_robbinsii",0,0.0225287081339713
"605","Astragalus_scaberrimus",0,0.128423487544484
"606","Astragalus_sempervirens",0,0.121517866129844
"607","Astragalus_sesameus",0,0.152244625217897
"608","Astragalus_sesameus",1,0.014
"609","Astragalus_sinicus",0,0.394834016393444
"610","Astragalus_sinicus",1,0.056
"611","Astragalus_spatulatus",0,0.0266568265682657
"612","Astragalus_stenoceras",0,0.126620689655172
"613","Astragalus_stevenianus",0,0.263272727272727
"614","Astragalus_subumbellatus",0,0.437066666666667
"615","Astragalus_sulcatus",0,0.0592228796844182
"616","Astragalus_tenellus",0,0.0259557046979866
"617","Astragalus_tener",0,0.043
"618","Astragalus_tibetanus",0,0.304308016877637
"619","Astragalus_tibetanus",1,0.023
"620","Astragalus_tribuloides",0,0.138481735159817
"621","Astragalus_trichopodus",0,0.0569897260273972
"622","Astragalus_uliginosus",0,0.039889748549323
"623","Astragalus_umbellatus",0,0.0167403598971722
"624","Astragalus_utahensis",0,0.0268327645051195
"625","Astragalus_vaginatus",0,0.0505945945945946
"626","Astragalus_vexilliflexus",0,0.0486146788990826
"627","Astragalus_whitneyi",0,0.0353004231311707
"628","Astragalus_wootonii",0,0.0582299107142857
"629","Astragalus_zingeri",0,0.0671578947368421
"630","Ateleia_glazioveana",0,0.101548387096774
"631","Ateleia_gummifera",0,0.159835164835165
"632","Baikiaea_insignis",0,0.128061728395062
"633","Baikiaea_insignis",1,0.259
"634","Baikiaea_plurijuga",0,0.178203488372093
"635","Balsamocarpon_brevifolium",0,0.092468085106383
"636","Baphia_laurifolia",0,0.0965580110497237
"637","Baphia_massaiensis",0,0.149744927536232
"638","Baphia_maxima",0,0.09045
"639","Baphia_pubescens",0,0.0811353711790393
"640","Baphiopsis_parviflora",0,0.151176991150442
"641","Baptisia_alba",0,0.0303849878934625
"642","Baptisia_australis",0,0.0283271474019087
"643","Baptisia_australis",1,0.0240997150997151
"644","Baptisia_bracteata",0,0.0265515610217597
"645","Baptisia_bracteata",1,0.025
"646","Baptisia_perfoliata",0,0.0695190839694656
"647","Baptisia_tinctoria",0,0.0347877697841726
"648","Barbieria_pinnata",0,0.297520547945205
"649","Batesia_floribunda",0,0.245188888888889
"650","Bauhinia_acreana",0,0.200855769230769
"651","Bauhinia_acuminata",0,0.479222222222222
"652","Bauhinia_acuminata",1,0.674047846889952
"653","Bauhinia_acuruana",0,0.0839859649122807
"654","Bauhinia_bauhinioides",0,0.09048
"655","Bauhinia_brachycarpa",0,0.611218068535825
"656","Bauhinia_brevipes",0,0.0874387755102041
"657","Bauhinia_conwayi",0,0.1529
"658","Bauhinia_divaricata",0,0.150483297413793
"659","Bauhinia_forficata",0,0.0981271102284013
"660","Bauhinia_galpinii",0,0.106928571428571
"661","Bauhinia_galpinii",1,0.109578947368421
"662","Bauhinia_longicuspis",0,0.248034351145038
"663","Bauhinia_longifolia",0,0.116242352941176
"664","Bauhinia_monandra",0,0.202
"665","Bauhinia_monandra",1,0.188418439716312
"666","Bauhinia_pauletia",0,0.279278969957082
"667","Bauhinia_pentandra",0,0.0881855072463768
"668","Bauhinia_petersiana",0,0.237282485875706
"669","Bauhinia_picta",0,0.827
"670","Bauhinia_picta",1,0.187
"671","Bauhinia_pottsii",0,0.453477272727273
"672","Bauhinia_pulchella",0,0.0923426395939086
"673","Bauhinia_purpurea",0,0.669273333333333
"674","Bauhinia_purpurea",1,0.326190476190476
"675","Bauhinia_racemosa",0,0.66762037037037
"676","Bauhinia_rufa",0,0.104172529313233
"677","Bauhinia_rufescens",0,0.0991271317829458
"678","Bauhinia_rufescens",1,0.701
"679","Bauhinia_tomentosa",0,0.163620320855615
"680","Bauhinia_tomentosa",1,0.550686274509804
"681","Bauhinia_ungulata",0,0.145869739478958
"682","Bauhinia_variegata",0,0.634534653465347
"683","Bauhinia_variegata",1,0.232825892857143
"684","Berlinia_bracteosa",0,0.0887114427860697
"685","Berlinia_craibiana",0,0.140769230769231
"686","Berlinia_grandiflora",0,0.0676446153846152
"687","Bituminaria_bituminosa",0,0.133289341575739
"688","Bobgunnia_madagascariensis",0,0.114920720720721
"689","Bolusanthus_speciosus",0,0.102155440414508
"690","Bossiaea_aquifolium",0,0.053
"691","Bossiaea_bossiaeoides",0,0.0257020134228188
"692","Bossiaea_buxifolia",0,0.0336534954407295
"693","Bossiaea_cinerea",0,0.0162615669339914
"694","Bossiaea_dentata",0,0.053
"695","Bossiaea_ensata",0,0.0353256616800921
"696","Bossiaea_eriocarpa",0,0.053
"697","Bossiaea_foliosa",0,0.0282111553784861
"698","Bossiaea_heterophylla",0,0.0351582008530438
"699","Bossiaea_linophylla",0,0.053
"700","Bossiaea_ornata",0,0.053
"701","Bossiaea_preissii",0,0.053
"702","Bossiaea_prostrata",0,0.0192054438280167
"703","Bossiaea_pulchella",0,0.053
"704","Bossiaea_walkeri",0,0.0340098039215686
"705","Bossiaea_webbii",0,0.053
"706","Bowdichia_nitida",0,0.125
"707","Bowdichia_virgilioides",0,0.149011274934952
"708","Brachystegia_allenii",0,0.249782608695652
"709","Brachystegia_boehmii",0,0.241288461538462
"710","Brachystegia_bussei",0,0.20915873015873
"711","Brachystegia_cynometroides",0,0.121
"712","Brachystegia_floribunda",0,0.244142857142857
"713","Brachystegia_manga",0,0.23590243902439
"714","Brachystegia_taxifolia",0,0.2665
"715","Brachystegia_utilis",0,0.221044776119403
"716","Brodriguesia_santosii",0,0.074
"717","Brownea_ariza",0,0.783531578947368
"718","Brya_ebenus",0,0.218
"719","Brya_ebenus",1,0.233571428571429
"720","Butea_monosperma",0,0.692812865497076
"721","Butea_monosperma",1,0.362548387096774
"722","Cadia_ellisiana",0,0.202
"723","Cadia_purpurea",0,0.176642857142857
"724","Cajanus_acutifolius",0,0.032578488372093
"725","Cajanus_cajan",0,0.701041666666666
"726","Cajanus_cajan",1,0.244794158075601
"727","Cajanus_goensis",0,0.504358208955224
"728","Cajanus_mollis",0,0.573296296296296
"729","Cajanus_scarabaeoides",0,0.28627538071066
"730","Cajanus_scarabaeoides",1,0.0394905660377358
"731","Calicotome_infesta",0,0.11865
"732","Calicotome_spinosa",0,0.139105205278592
"733","Calicotome_spinosa",1,0.0157284768211921
"734","Callerya_cinerea",0,0.583464539007092
"735","Calliandra_bella",0,0.074
"736","Calliandra_coriacea",0,0.380036585365854
"737","Calliandra_dysantha",0,0.082504
"738","Calliandra_eriophylla",0,0.0675409181636723
"739","Calliandra_erubescens",0,0.074
"740","Calliandra_foliolosa",0,0.100944649446494
"741","Calliandra_guildingii",0,0.549661290322581
"742","Calliandra_haematocephala",0,0.187
"743","Calliandra_haematocephala",1,0.305024096385542
"744","Calliandra_haematomma",0,0.1254
"745","Calliandra_harrisii",0,0.142545454545455
"746","Calliandra_houstoniana",0,0.167077165354331
"747","Calliandra_houstoniana",1,0.195424528301887
"748","Calliandra_humilis",0,0.0708083333333333
"749","Calliandra_juzepczukii",0,0.184171428571429
"750","Calliandra_macrocalyx",0,0.0794862385321101
"751","Calliandra_parviflora",0,0.0870785714285714
"752","Calliandra_parvifolia",0,0.0819625668449197
"753","Calliandra_pittieri",0,0.767368965517241
"754","Calliandra_rubescens",0,0.137384057971014
"755","Calliandra_surinamensis",0,0.273856617647059
"756","Calliandra_surinamensis",1,0.0884742268041237
"757","Calliandra_tergemina",0,0.194465863453815
"758","Calliandra_trinervia",0,0.408087818696884
"759","Calopogonium_caeruleum",0,0.213508751458576
"760","Calopogonium_caeruleum",1,0.268666666666667
"761","Calpocalyx_dinklagei",0,0.082
"762","Calpurnia_aurea",0,0.142065359477124
"763","Calpurnia_aurea",1,0.195
"764","Campsiandra_comosa",0,0.097
"765","Camptosema_coriaceum",0,0.0916317204301074
"766","Camptosema_pedicellatum",0,0.0737
"767","Camptosema_rubicundum",0,0.0835568181818182
"768","Campylotropis_macrocarpa",0,0.337246183206107
"769","Campylotropis_macrocarpa",1,0.056
"770","Canavalia_africana",0,0.133887640449438
"771","Canavalia_brasiliensis",0,0.171258644536653
"772","Canavalia_brasiliensis",1,0.031
"773","Canavalia_cathartica",0,0.274633663366337
"774","Canavalia_cathartica",1,0.0397358490566038
"775","Canavalia_gladiata",0,0.543540229885057
"776","Canavalia_gladiata",1,0.162821428571429
"777","Canavalia_lineata",0,0.131562841530055
"778","Canavalia_rosea",0,0.133214589235128
"779","Caragana_arborescens",0,0.0489519397799653
"780","Caragana_arborescens",1,0.047740068104427
"781","Caragana_aurantiaca",0,0.3184
"782","Caragana_aurantiaca",1,0.0376
"783","Caragana_brevispina",0,0.3942
"784","Caragana_erinacea",0,0.427469387755102
"785","Caragana_frutex",0,0.0753193493150686
"786","Caragana_frutex",1,0.0525862068965517
"787","Caragana_korshinskii",0,0.154518518518519
"788","Caragana_leveillei",0,0.18864
"789","Caragana_microphylla",0,0.126983516483517
"790","Caragana_microphylla",1,0.052
"791","Caragana_polourensis",0,0.144
"792","Caragana_rosea",0,0.182857142857143
"793","Caragana_sinica",0,0.445679144385027
"794","Caragana_sinica",1,0.0848108108108108
"795","Caragana_versicolor",0,0.440328205128205
"796","Caragana_zahlbruckneri",0,0.139636363636364
"797","Carmichaelia_arborea",0,0.013
"798","Carmichaelia_kirkii",0,0.013
"799","Carmichaelia_odorata",0,0.0122765957446808
"800","Carmichaelia_petriei",0,0.013
"801","Cassia_abbreviata",0,0.167531088082902
"802","Cassia_bakeriana",0,0.438
"803","Cassia_brewsteri",0,0.043
"804","Cassia_cowanii",0,0.289111111111111
"805","Cassia_fastuosa",0,0.117719101123596
"806","Cassia_ferruginea",0,0.127135531135531
"807","Cassia_fistula",0,0.644073612684032
"808","Cassia_fistula",1,0.35076301615799
"809","Cassia_grandis",0,0.343329652996845
"810","Cassia_grandis",1,0.35727027027027
"811","Cassia_leiandra",0,0.251072916666666
"812","Cassia_leptophylla",0,0.119407407407407
"813","Cassia_marksiana",0,0.0381747572815534
"814","Cassia_moschata",0,0.366384259259259
"815","Cassia_roxburghii",0,0.574714285714286
"816","Cassia_spruceana",0,0.130049180327869
"817","Castanospermum_australe",0,0.0404099037138927
"818","Castanospermum_australe",1,0.319909090909091
"819","Cathormion_umbellatum",0,0.0426705653021442
"820","Cedrelinga_cateniformis",0,0.462814545454545
"821","Cenostigma_macrophyllum",0,0.0824776785714287
"822","Cenostigma_tocantinum",0,0.125
"823","Centrolobium_microchaete",0,0.114844827586207
"824","Centrolobium_paraense",0,0.587183333333333
"825","Centrolobium_paraense",1,0.364
"826","Centrolobium_robustum",0,0.1335
"827","Centrolobium_tomentosum",0,0.135071428571429
"828","Centrosema_acutifolium",0,0.365475
"829","Centrosema_angustifolium",0,0.27990756302521
"830","Centrosema_arenarium",0,0.0976057692307692
"831","Centrosema_bracteosum",0,0.0827295081967213
"832","Centrosema_brasilianum",0,0.104550218340611
"833","Centrosema_macrocarpum",0,0.299498727735369
"834","Centrosema_molle",0,0.215211956521739
"835","Centrosema_molle",1,0.0495450236966825
"836","Centrosema_pascuorum",0,0.124982954545454
"837","Centrosema_pascuorum",1,0.0345416666666667
"838","Centrosema_plumieri",0,0.213568900126422
"839","Centrosema_plumieri",1,0.08685
"840","Centrosema_pubescens",0,0.241043204320432
"841","Centrosema_pubescens",1,0.116336763330215
"842","Centrosema_rotundifolium",0,0.0866285714285714
"843","Centrosema_sagittatum",0,0.154385321100917
"844","Centrosema_schottii",0,0.155551020408163
"845","Centrosema_venosum",0,0.215942446043165
"846","Centrosema_vexillatum",0,0.240255319148936
"847","Centrosema_virginianum",0,0.085515791632486
"848","Centrosema_virginianum",1,0.222411764705882
"849","Ceratonia_siliqua",0,0.155538538395653
"850","Ceratonia_siliqua",1,0.0575700045310375
"851","Cercis_canadensis",0,0.0424764876198083
"852","Cercis_canadensis",1,0.12
"853","Cercis_glabra",0,0.5015625
"854","Cercis_siliquastrum",0,0.136736031086694
"855","Cercis_siliquastrum",1,0.0732954545454545
"856","Chadsia_grevei",0,0.202
"857","Chamaecrista_absus",0,0.102633791430881
"858","Chamaecrista_absus",1,0.24504
"859","Chamaecrista_adiantifolia",0,0.249960784313726
"860","Chamaecrista_apoucouita",0,0.186319444444444
"861","Chamaecrista_biensis",0,0.0827338129496402
"862","Chamaecrista_calycioides",0,0.10958024691358
"863","Chamaecrista_chamaecristoides",0,0.162006451612903
"864","Chamaecrista_ciliolata",0,0.13747619047619
"865","Chamaecrista_comosa",0,0.0659096774193548
"866","Chamaecrista_conferta",0,0.0888810408921932
"867","Chamaecrista_cytisoides",0,0.0862654867256637
"868","Chamaecrista_decumbens",0,0.056
"869","Chamaecrista_dentata",0,0.151
"870","Chamaecrista_desvauxii",0,0.167066535239033
"871","Chamaecrista_diphylla",0,0.159511659807956
"872","Chamaecrista_duartei",0,0.0777560975609756
"873","Chamaecrista_ensiformis",0,0.101023952095808
"874","Chamaecrista_fagonioides",0,0.113812734082397
"875","Chamaecrista_fasciculata",0,0.0352145349536758
"876","Chamaecrista_fasciculata",1,0.0310833333333333
"877","Chamaecrista_flexuosa",0,0.11813680781759
"878","Chamaecrista_glandulosa",0,0.222627956989247
"879","Chamaecrista_hispidula",0,0.139228282828283
"880","Chamaecrista_isidorea",0,0.0583793103448276
"881","Chamaecrista_kirkii",0,0.14081684981685
"882","Chamaecrista_kunthiana",0,0.159202572347267
"883","Chamaecrista_leschenaultiana",0,0.440053719008265
"884","Chamaecrista_leschenaultiana",1,0.177625
"885","Chamaecrista_lineata",0,0.127426666666667
"886","Chamaecrista_neesiana",0,0.109388429752066
"887","Chamaecrista_negrensis",0,0.193387096774194
"888","Chamaecrista_nictitans",0,0.124778219571461
"889","Chamaecrista_nictitans",1,0.0521274131274131
"890","Chamaecrista_nomame",0,0.0846527536231878
"891","Chamaecrista_nomame",1,0.033
"892","Chamaecrista_orbiculata",0,0.0750316742081448
"893","Chamaecrista_pilosa",0,0.221677966101695
"894","Chamaecrista_pilosa",1,0.0331818181818182
"895","Chamaecrista_planaltoana",0,0.056
"896","Chamaecrista_pumila",0,0.572851851851852
"897","Chamaecrista_ramosa",0,0.112653429602888
"898","Chamaecrista_repens",0,0.0841125
"899","Chamaecrista_rotundifolia",0,0.152691507798961
"900","Chamaecrista_rotundifolia",1,0.0432553588070829
"901","Chamaecrista_serpens",0,0.172039252336449
"902","Chamaecrista_serpens",1,0.0765
"903","Chamaecrista_stricta",0,0.0976526315789474
"904","Chamaecrista_viscosa",0,0.342249056603773
"905","Chamaecrista_xinguensis",0,0.119724137931034
"906","Chesneya_cuneata",0,0.461902777777778
"907","Chloroleucon_dumosum",0,0.0819782608695652
"908","Chloroleucon_foliolosum",0,0.080552036199095
"909","Chloroleucon_mangense",0,0.416151380231524
"910","Chloroleucon_tortum",0,0.1316
"911","Chorizema_aciculare",0,0.053
"912","Chorizema_cordatum",0,0.053
"913","Chorizema_cytisoides",0,0.053
"914","Chorizema_diversifolium",0,0.053
"915","Chorizema_parviflorum",0,0.0385704918032787
"916","Chorizema_reticulatum",0,0.053
"917","Christia_obcordata",0,0.365758928571429
"918","Cicer_arietinum",0,0.710156069364162
"919","Cicer_arietinum",1,0.387204028290287
"920","Cicer_echinospermum",0,0.788
"921","Cicer_pinnatifidum",0,0.574076923076923
"922","Cicer_reticulatum",0,0.788
"923","Cladrastis_wilsonii",0,0.467135135135135
"924","Clathrotropis_macrocarpa",0,0.620577922077922
"925","Clathrotropis_nitida",0,0.385303571428572
"926","Clianthus_puniceus",0,0.011
"927","Clianthus_puniceus",1,0.364
"928","Clitoria_amazonum",0,0.144508620689655
"929","Clitoria_arborea",0,0.343975609756097
"930","Clitoria_australis",0,0.024224
"931","Clitoria_fairchildiana",0,0.172630036630037
"932","Clitoria_falcata",0,0.209015053763441
"933","Clitoria_falcata",1,0.0895238095238095
"934","Clitoria_guianensis",0,0.209107142857143
"935","Clitoria_javitensis",0,0.47196887159533
"936","Clitoria_laurifolia",0,0.100959459459459
"937","Clitoria_laurifolia",1,0.247584158415842
"938","Clitoria_mariana",0,0.0604459999999999
"939","Clitoria_sagotii",0,0.345232142857143
"940","Clitoria_ternatea",0,0.154819376026272
"941","Clitoria_ternatea",1,0.431300347222223
"942","Codariocalyx_gyroides",0,0.467888372093023
"943","Codariocalyx_gyroides",1,0.259
"944","Codariocalyx_motorius",0,0.477641732283464
"945","Codariocalyx_motorius",1,0.052
"946","Cojoba_arborea",0,0.173474784747847
"947","Collaea_speciosa",0,0.18215873015873
"948","Cologania_angustifolia",0,0.103601459854015
"949","Cologania_broussonetii",0,0.174558363417569
"950","Colutea_arborescens",0,0.119652668621701
"951","Colutea_arborescens",1,0.0659261744966443
"952","Colutea_cilicica",0,0.240348837209302
"953","Colutea_orientalis",0,0.161723076923077
"954","Colutea_orientalis",1,0.115333333333333
"955","Colvillea_racemosa",0,0.202
"956","Colvillea_racemosa",1,0.701
"957","Conzattia_multiflora",0,0.18901593625498
"958","Copaifera_baumiana",0,0.37025641025641
"959","Copaifera_duckei",0,0.0876478873239437
"960","Copaifera_langsdorffii",0,0.110955281418658
"961","Copaifera_lucens",0,0.105428571428571
"962","Copaifera_multijuga",0,0.123109589041096
"963","Copaifera_officinalis",0,0.313090909090909
"964","Copaifera_trapezifolia",0,0.134429906542056
"965","Coronilla_coronata",0,0.0990864745011087
"966","Coronilla_juncea",0,0.143422204847537
"967","Coronilla_minima",0,0.130920849557522
"968","Coronilla_repanda",0,0.105570866141732
"969","Coronilla_scorpioides",0,0.13796558042141
"970","Coronilla_vaginalis",0,0.0937985751295337
"971","Coronilla_vaginalis",1,0.014
"972","Coronilla_valentina",0,0.13066224766496
"973","Coronilla_valentina",1,0.0731764705882353
"974","Coursetia_caribaea",0,0.206553210202287
"975","Coursetia_ferruginea",0,0.651367346938775
"976","Craibia_brevicaudata",0,0.216583333333333
"977","Cranocarpus_martii",0,0.074
"978","Cratylia_argentea",0,0.101726315789474
"979","Crotalaria_acicularis",0,0.53376
"980","Crotalaria_agatiflora",0,0.183895104895105
"981","Crotalaria_agatiflora",1,0.172086021505376
"982","Crotalaria_alata",0,0.21926953125
"983","Crotalaria_alata",1,0.14716
"984","Crotalaria_albida",0,0.400333333333333
"985","Crotalaria_alexandri",0,0.22775
"986","Crotalaria_angulata",0,0.701
"987","Crotalaria_angulata",1,0.136
"988","Crotalaria_anthyllopsis",0,0.237076923076923
"989","Crotalaria_argyraea",0,0.0955227272727273
"990","Crotalaria_atrorubens",0,0.0984838709677419
"991","Crotalaria_axillaris",0,0.164143939393939
"992","Crotalaria_barkae",0,0.132125984251969
"993","Crotalaria_bongensis",0,0.0754545454545455
"994","Crotalaria_bracteata",0,0.510689655172414
"995","Crotalaria_brevidens",0,0.199223300970874
"996","Crotalaria_brevidens",1,0.10805
"997","Crotalaria_breviflora",0,0.134869565217391
"998","Crotalaria_brevis",0,0.0300149253731343
"999","Crotalaria_burkeana",0,0.0662111111111111
"1000","Crotalaria_calycina",0,0.14797605893186
"1001","Crotalaria_capensis",0,0.146665399239543
"1002","Crotalaria_caudata",0,0.215962962962963
"1003","Crotalaria_cephalotes",0,0.133712264150943
"1004","Crotalaria_chinensis",0,0.348583333333333
"1005","Crotalaria_cleomifolia",0,0.158216783216783
"1006","Crotalaria_cleomifolia",1,0.507
"1007","Crotalaria_comosa",0,0.0965431034482759
"1008","Crotalaria_cunninghamii",0,0.0312351598173515
"1009","Crotalaria_damarensis",0,0.0839326923076923
"1010","Crotalaria_deserticola",0,0.191589473684211
"1011","Crotalaria_dissitiflora",0,0.0328508371385084
"1012","Crotalaria_distans",0,0.0704864864864865
"1013","Crotalaria_distans",1,0.0395
"1014","Crotalaria_doidgeae",0,0.043
"1015","Crotalaria_dura",0,0.0891627906976744
"1016","Crotalaria_eremicola",0,0.0739318181818182
"1017","Crotalaria_excisa",0,0.23
"1018","Crotalaria_glauca",0,0.124864864864865
"1019","Crotalaria_globifera",0,0.0561363636363636
"1020","Crotalaria_goreensis",0,0.0713161157024793
"1021","Crotalaria_goreensis",1,0.0499832495812395
"1022","Crotalaria_holosericea",0,0.074
"1023","Crotalaria_humifusa",0,0.188594594594595
"1024","Crotalaria_humilis",0,0.23
"1025","Crotalaria_hyssopifolia",0,0.110179190751445
"1026","Crotalaria_incana",0,0.195508074534161
"1027","Crotalaria_incana",1,0.087708762886598
"1028","Crotalaria_juncea",0,0.612402298850575
"1029","Crotalaria_juncea",1,0.114434156378601
"1030","Crotalaria_laburnifolia",0,0.14647628458498
"1031","Crotalaria_laburnifolia",1,0.053
"1032","Crotalaria_lachnocarpoides",0,0.186967479674797
"1033","Crotalaria_lachnophora",0,0.147429752066116
"1034","Crotalaria_lanceolata",0,0.142382978723404
"1035","Crotalaria_lanceolata",1,0.0751001371742114
"1036","Crotalaria_linifolia",0,0.454042056074767
"1037","Crotalaria_longirostrata",0,0.187739212007505
"1038","Crotalaria_longirostrata",1,0.032
"1039","Crotalaria_maypurensis",0,0.169058651026393
"1040","Crotalaria_medicaginea",0,0.0522537851478009
"1041","Crotalaria_micans",0,0.217752164502165
"1042","Crotalaria_micans",1,0.335713147410359
"1043","Crotalaria_microcarpa",0,0.0833992467043318
"1044","Crotalaria_mitchellii",0,0.0398888888888889
"1045","Crotalaria_monteiroi",0,0.11001935483871
"1046","Crotalaria_mysorensis",0,0.234872340425532
"1047","Crotalaria_natalitia",0,0.185340909090909
"1048","Crotalaria_nitens",0,0.541887434554974
"1049","Crotalaria_novae-hollandiae",0,0.0307701149425286
"1050","Crotalaria_obscura",0,0.188375
"1051","Crotalaria_ochroleuca",0,0.141674846625767
"1052","Crotalaria_ochroleuca",1,0.0913188405797101
"1053","Crotalaria_pallida",0,0.228903357903358
"1054","Crotalaria_pallida",1,0.145901011176158
"1055","Crotalaria_paulina",0,0.307247933884297
"1056","Crotalaria_perrottetii",0,0.0935921052631579
"1057","Crotalaria_pilosa",0,0.261911330049261
"1058","Crotalaria_pisicarpa",0,0.149303571428571
"1059","Crotalaria_platysepala",0,0.0923174603174603
"1060","Crotalaria_podocarpa",0,0.0931875
"1061","Crotalaria_polysperma",0,0.202024691358025
"1062","Crotalaria_prostrata",0,0.552882352941176
"1063","Crotalaria_prostrata",1,0.02
"1064","Crotalaria_pumila",0,0.14633353960396
"1065","Crotalaria_pumila",1,0.032
"1066","Crotalaria_quinquefolia",0,0.240264705882353
"1067","Crotalaria_quinquefolia",1,0.133125
"1068","Crotalaria_recta",0,0.174962025316456
"1069","Crotalaria_retusa",0,0.166308857808857
"1070","Crotalaria_retusa",1,0.106116666666667
"1071","Crotalaria_rogersii",0,0.213318181818182
"1072","Crotalaria_sagittalis",0,0.112706024096386
"1073","Crotalaria_saharae",0,0.125728260869565
"1074","Crotalaria_senegalensis",0,0.131177570093458
"1075","Crotalaria_sessiliflora",0,0.309911078717201
"1076","Crotalaria_shirensis",0,0.17564
"1077","Crotalaria_spartea",0,0.184741935483871
"1078","Crotalaria_sphaerocarpa",0,0.113664
"1079","Crotalaria_spinosa",0,0.175232558139535
"1080","Crotalaria_stipularia",0,0.0983548387096774
"1081","Crotalaria_subcapitata",0,0.132050279329609
"1082","Crotalaria_tetragona",0,0.583929824561404
"1083","Crotalaria_tetragona",1,0.052
"1084","Crotalaria_trichotoma",0,0.195423076923077
"1085","Crotalaria_trichotoma",1,0.173995485327314
"1086","Crotalaria_uncinella",0,0.230805084745763
"1087","Crotalaria_vallicola",0,0.193352941176471
"1088","Crotalaria_vasculosa",0,0.181229166666667
"1089","Crotalaria_velutina",0,0.20821052631579
"1090","Crotalaria_verrucosa",0,0.198391447368421
"1091","Crotalaria_verrucosa",1,0.16072972972973
"1092","Crotalaria_virgulata",0,0.14025
"1093","Crotalaria_virgulata",1,0.0583529411764706
"1094","Crotalaria_vitellina",0,0.150264084507042
"1095","Crotalaria_xanthoclada",0,0.202
"1096","Crudia_amazonica",0,0.235842105263158
"1097","Crudia_aromatica",0,0.0896333333333333
"1098","Crudia_bracteata",0,0.2528
"1099","Crudia_oblonga",0,0.245383561643836
"1100","Crudia_tomentosa",0,0.104833333333333
"1101","Cryptosepalum_maraviense",0,0.20906993006993
"1102","Cullen_americanum",0,0.16
"1103","Cullen_americanum",1,0.03625
"1104","Cullen_corylifolium",0,0.644211111111111
"1105","Cullen_corylifolium",1,0.035
"1106","Cullen_tomentosum",0,0.129033333333333
"1107","Cyamopsis_serrata",0,0.125517857142857
"1108","Cyamopsis_tetragonoloba",0,0.628733333333333
"1109","Cyamopsis_tetragonoloba",1,0.462428571428571
"1110","Cyclopia_buxifolia",0,0.23
"1111","Cyclopia_galioides",0,0.23
"1112","Cyclopia_genistoides",0,0.23
"1113","Cyclopia_intermedia",0,0.23
"1114","Cyclopia_maculata",0,0.23
"1115","Cyclopia_meyeriana",0,0.23
"1116","Cyclopia_pubescens",0,0.23
"1117","Cylicodiscus_gabunensis",0,0.0768771929824562
"1118","Cymbosema_roseum",0,0.376893939393939
"1119","Cynometra_cauliflora",0,0.317578947368421
"1120","Cynometra_cauliflora",1,0.392333333333333
"1121","Cynometra_hankei",0,0.138868421052632
"1122","Cynometra_retusa",0,0.128478260869565
"1123","Cytisophyllum_sessilifolium",0,0.120293325168401
"1124","Cytisus_arboreus",0,0.15528895612708
"1125","Cytisus_balansae",0,0.169412844036697
"1126","Cytisus_decumbens",0,0.116423400129282
"1127","Cytisus_multiflorus",0,0.118915690866511
"1128","Cytisus_multiflorus",1,0.0869935897435897
"1129","Cytisus_scoparius",0,0.0863571654186983
"1130","Cytisus_scoparius",1,0.0211703902846019
"1131","Cytisus_striatus",0,0.117325280414151
"1132","Cytisus_striatus",1,0.0890940860215054
"1133","Cytisus_supranubius",0,0.06
"1134","Cytisus_villosus",0,0.0978733572281957
"1135","Dahlstedtia_pinnata",0,0.133568181818182
"1136","Dalbergia_arbutifolia",0,0.24583908045977
"1137","Dalbergia_armata",0,0.054767175572519
"1138","Dalbergia_assamica",0,0.519332
"1139","Dalbergia_baronii",0,0.202
"1140","Dalbergia_benthamii",0,0.340194805194805
"1141","Dalbergia_boehmii",0,0.203460869565217
"1142","Dalbergia_brasiliensis",0,0.128056451612903
"1143","Dalbergia_candenatensis",0,0.276075268817204
"1144","Dalbergia_chapelieri",0,0.202
"1145","Dalbergia_cultrata",0,0.516746987951807
"1146","Dalbergia_dyeriana",0,0.553747663551402
"1147","Dalbergia_ecastaphyllum",0,0.11101018922853
"1148","Dalbergia_fischeri",0,0.229375
"1149","Dalbergia_frutescens",0,0.151635334088335
"1150","Dalbergia_hainanensis",0,0.148
"1151","Dalbergia_hancei",0,0.456953488372093
"1152","Dalbergia_horrida",0,0.699
"1153","Dalbergia_hupeana",0,0.454606896551724
"1154","Dalbergia_inundata",0,0.26932183908046
"1155","Dalbergia_lactea",0,0.181857142857143
"1156","Dalbergia_lanceolaria",0,0.656173913043478
"1157","Dalbergia_lanceolaria",1,0.1915
"1158","Dalbergia_latifolia",0,0.516842105263158
"1159","Dalbergia_latifolia",1,0.266888888888889
"1160","Dalbergia_louvelii",0,0.202
"1161","Dalbergia_madagascariensis",0,0.202
"1162","Dalbergia_melanoxylon",0,0.15973276904474
"1163","Dalbergia_melanoxylon",1,0.6568
"1164","Dalbergia_millettii",0,0.574641025641026
"1165","Dalbergia_miscolobium",0,0.110292682926829
"1166","Dalbergia_monticola",0,0.202
"1167","Dalbergia_nigra",0,0.128026315789474
"1168","Dalbergia_nitidula",0,0.230031496062992
"1169","Dalbergia_obovata",0,0.0914325581395349
"1170","Dalbergia_odorifera",0,0.358833333333333
"1171","Dalbergia_oligophylla",0,0.116857142857143
"1172","Dalbergia_oliveri",0,0.538141304347826
"1173","Dalbergia_ovata",0,0.759373134328358
"1174","Dalbergia_pinnata",0,0.500767772511848
"1175","Dalbergia_purpurascens",0,0.202
"1176","Dalbergia_retusa",0,0.086515
"1177","Dalbergia_riedelii",0,0.204851428571429
"1178","Dalbergia_riparia",0,0.221309523809524
"1179","Dalbergia_sericea",0,0.498403225806452
"1180","Dalbergia_sissoo",0,0.613805031446541
"1181","Dalbergia_sissoo",1,0.0884504504504505
"1182","Dalbergia_spruceana",0,0.159777777777778
"1183","Dalbergia_stipulacea",0,0.619783216783217
"1184","Dalbergia_subcymosa",0,0.138392857142857
"1185","Dalbergia_trichocarpa",0,0.202
"1186","Dalbergia_tsoi",0,0.182545454545455
"1187","Dalbergia_villosa",0,0.147389830508475
"1188","Dalea_albiflora",0,0.0421736111111112
"1189","Dalea_aurea",0,0.0327304812834224
"1190","Dalea_candida",0,0.0244150681123159
"1191","Dalea_cliffortiana",0,0.173482905982906
"1192","Dalea_cliffortiana",1,0.4085
"1193","Dalea_compacta",0,0.0384558303886926
"1194","Dalea_flavescens",0,0.0266896551724138
"1195","Dalea_formosa",0,0.0394101983002833
"1196","Dalea_frutescens",0,0.057885775862069
"1197","Dalea_leporina",0,0.112569858712716
"1198","Dalea_leporina",1,0.029
"1199","Dalea_lumholtzii",0,0.0791162790697675
"1200","Dalea_lutea",0,0.152754854368932
"1201","Dalea_mollis",0,0.0594786418400873
"1202","Dalea_mollissima",0,0.0435509822263798
"1203","Dalea_multiflora",0,0.0290023752969121
"1204","Dalea_phleoides",0,0.0393934426229508
"1205","Dalea_pogonathera",0,0.0679256329113924
"1206","Dalea_polygonoides",0,0.0394508670520231
"1207","Dalea_purpurea",0,0.0219990608123973
"1208","Dalea_scandens",0,0.123396226415094
"1209","Dalea_tenuis",0,0.039
"1210","Dalea_tomentosa",0,0.20319
"1211","Dalea_villosa",0,0.0189910071942446
"1212","Dalea_wrightii",0,0.0755789473684211
"1213","Dalhousiea_africana",0,0.111134615384615
"1214","Daniellia_oliveri",0,0.0505066127847163
"1215","Daniellia_thurifera",0,0.075063829787234
"1216","Daviesia_acicularis",0,0.0365795601552393
"1217","Daviesia_benthamii",0,0.053
"1218","Daviesia_brevifolia",0,0.0147343676539727
"1219","Daviesia_buxifolia",0,0.0240790960451977
"1220","Daviesia_cordata",0,0.053
"1221","Daviesia_corymbosa",0,0.036
"1222","Daviesia_decurrens",0,0.053
"1223","Daviesia_flexuosa",0,0.053
"1224","Daviesia_genistifolia",0,0.0330329163923634
"1225","Daviesia_hakeoides",0,0.053
"1226","Daviesia_horrida",0,0.053
"1227","Daviesia_leptophylla",0,0.0199520931273785
"1228","Daviesia_nudiflora",0,0.053
"1229","Daviesia_pectinata",0,0.0151079812206573
"1230","Daviesia_teretifolia",0,0.053
"1231","Daviesia_ulicifolia",0,0.0255811284046689
"1232","Daviesia_umbellulata",0,0.0391700819672131
"1233","Decorsea_schlechteri",0,0.218155844155844
"1234","Deguelia_scandens",0,0.3946875
"1235","Delonix_elata",0,0.170514285714286
"1236","Delonix_elata",1,0.692931034482759
"1237","Dendrolobium_dispermum",0,0.114
"1238","Dendrolobium_triangulare",0,0.448991404011461
"1239","Dendrolobium_umbellatum",0,0.235602649006623
"1240","Derris_elliptica",0,0.451269841269841
"1241","Derris_elliptica",1,0.18148275862069
"1242","Derris_marginata",0,0.499607142857143
"1243","Derris_trifoliata",0,0.249251054852321
"1244","Desmanthus_illinoensis",0,0.0303794523867218
"1245","Desmanthus_leptolobus",0,0.0357427385892116
"1246","Desmanthus_leptolobus",1,0.032
"1247","Desmanthus_velutinus",0,0.0438869863013699
"1248","Desmanthus_virgatus",0,0.161431522570773
"1249","Desmanthus_virgatus",1,0.0827333333333333
"1250","Desmodium_affine",0,0.138014150943396
"1251","Desmodium_axillare",0,0.220759018759019
"1252","Desmodium_batocaulon",0,0.0547247191011236
"1253","Desmodium_cajanifolium",0,0.346296052631579
"1254","Desmodium_cajanifolium",1,0.032
"1255","Desmodium_canadense",0,0.021437802907916
"1256","Desmodium_canescens",0,0.0372449856733524
"1257","Desmodium_ciliare",0,0.045556768558952
"1258","Desmodium_cinereum",0,0.217366071428571
"1259","Desmodium_cinereum",1,0.043
"1260","Desmodium_cuneatum",0,0.0735460122699386
"1261","Desmodium_cuspidatum",0,0.0228353658536585
"1262","Desmodium_distortum",0,0.167474248927039
"1263","Desmodium_distortum",1,0.0938
"1264","Desmodium_glabrum",0,0.160534441805226
"1265","Desmodium_grahamii",0,0.115918681318681
"1266","Desmodium_illinoense",0,0.0170876897133221
"1267","Desmodium_infractum",0,0.15211013215859
"1268","Desmodium_intortum",0,0.27260650406504
"1269","Desmodium_intortum",1,0.0798395061728395
"1270","Desmodium_laevigatum",0,0.0468476821192053
"1271","Desmodium_leiocarpum",0,0.0886875
"1272","Desmodium_leiocarpum",1,0.202
"1273","Desmodium_marilandicum",0,0.034244
"1274","Desmodium_molliculum",0,0.397702857142858
"1275","Desmodium_nicaraguense",0,0.135089947089947
"1276","Desmodium_paniculatum",0,0.0407726967047747
"1277","Desmodium_procumbens",0,0.147199424736337
"1278","Desmodium_procumbens",1,0.004
"1279","Desmodium_retinens",0,0.160333333333333
"1280","Desmodium_rotundifolium",0,0.0441865942028985
"1281","Desmodium_scorpiurus",0,0.232399209486166
"1282","Desmodium_scorpiurus",1,0.123973977695167
"1283","Desmodium_sessilifolium",0,0.0250842490842491
"1284","Desmodium_tortuosum",0,0.202714140386572
"1285","Desmodium_tortuosum",1,0.0676070686070686
"1286","Desmodium_uncinatum",0,0.238766211604096
"1287","Desmodium_uncinatum",1,0.110659192825112
"1288","Desmodium_viridiflorum",0,0.0513241106719367
"1289","Dewevrea_bilabiata",0,0.155416666666667
"1290","Dialium_englerianum",0,0.185857142857143
"1291","Dialium_guianense",0,0.322118361153263
"1292","Dialium_pachyphyllum",0,0.118751020408163
"1293","Dialium_schlechteri",0,0.143466666666667
"1294","Dialium_zenkeri",0,0.136
"1295","Dichilus_lebeckioides",0,0.0580625
"1296","Dichilus_strictus",0,0.074
"1297","Dichrostachys_spicata",0,0.0281771217712177
"1298","Dicorynia_guianensis",0,0.0834
"1299","Dicorynia_paraensis",0,0.431413333333333
"1300","Didelotia_africana",0,0.0779230769230769
"1301","Dillwynia_brunioides",0,0.036
"1302","Dillwynia_cinerascens",0,0.0164194174757282
"1303","Dillwynia_divaricata",0,0.053
"1304","Dillwynia_floribunda",0,0.0360116279069767
"1305","Dillwynia_glaberrima",0,0.0182940500143719
"1306","Dillwynia_hispida",0,0.0149339963833635
"1307","Dillwynia_juniperina",0,0.0216050420168067
"1308","Dillwynia_ramosissima",0,0.0271450381679389
"1309","Dillwynia_retorta",0,0.0360254739336493
"1310","Dillwynia_uncinata",0,0.0269868421052631
"1311","Dimorphandra_macrostachya",0,0.255495238095238
"1312","Dimorphandra_mollis",0,0.0981215469613258
"1313","Dimorphandra_parviflora",0,0.116153846153846
"1314","Dimorphandra_vernicosa",0,0.441840909090909
"1315","Dinizia_excelsa",0,0.117168316831683
"1316","Dioclea_guianensis",0,0.292101876675603
"1317","Dioclea_sericea",0,0.827
"1318","Dioclea_virgata",0,0.194774484536082
"1319","Dioclea_virgata",1,0.404
"1320","Diphysa_americana",0,0.146923076923077
"1321","Diphysa_americana",1,0.124
"1322","Diphysa_carthagenensis",0,0.248504225352112
"1323","Diplotropis_brasiliensis",0,0.117923076923077
"1324","Diplotropis_incexis",0,0.0873913043478261
"1325","Diplotropis_purpurea",0,0.340957547169811
"1326","Diplotropis_triloba",0,0.127642857142857
"1327","Dipogon_lignosus",0,0.225224839400428
"1328","Dipogon_lignosus",1,0.0205294117647059
"1329","Dipteryx_magnifica",0,0.325297297297297
"1330","Dipteryx_odorata",0,0.178690763052209
"1331","Dipteryx_punctata",0,0.295842105263158
"1332","Diptychandra_aurantiaca",0,0.0951498127340824
"1333","Distemonanthus_benthamianus",0,0.0805275862068966
"1334","Dolichopsis_paraguariensis",0,0.0901864406779661
"1335","Dolichos_falciformis",0,0.0836181818181818
"1336","Dolichos_kilimandscharicus",0,0.229699074074074
"1337","Dolichos_linearis",0,0.0734565217391304
"1338","Dolichos_oliveri",0,0.179123076923077
"1339","Dolichos_sericeus",0,0.187639455782313
"1340","Dolichos_trilobus",0,0.159116279069767
"1341","Dolichos_trinervatus",0,0.269422018348624
"1342","Droogmansia_pteropus",0,0.228315151515152
"1343","Dumasia_truncata",0,0.0812607223476298
"1344","Dumasia_villosa",0,0.256208812260536
"1345","Dunbaria_villosa",0,0.164899755501223
"1346","Duparquetia_orchidacea",0,0.0939885714285714
"1347","Ebenopsis_confinis",0,0.119
"1348","Ebenus_pinnata",0,0.258982300884956
"1349","Elephantorrhiza_burkei",0,0.047969465648855
"1350","Elephantorrhiza_goetzei",0,0.218047169811321
"1351","Elephantorrhiza_suffruticosa",0,0.117372093023256
"1352","Eminia_antennulifera",0,0.280106060606061
"1353","Entada_abyssinica",0,0.0929750312109862
"1354","Entada_arenaria",0,0.190833333333333
"1355","Entada_chrysostachys",0,0.208352941176471
"1356","Entada_phaseoloides",0,0.288728
"1357","Entada_phaseoloides",1,0.438
"1358","Entada_polystachya",0,0.245908925318761
"1359","Enterolobium_contortisiliquum",0,0.0929422835633627
"1360","Enterolobium_cyclocarpum",0,0.430030441400305
"1361","Enterolobium_cyclocarpum",1,0.117258064516129
"1362","Enterolobium_gummiferum",0,0.100841666666667
"1363","Enterolobium_maximum",0,0.112379310344828
"1364","Enterolobium_schomburgkii",0,0.342844444444444
"1365","Eperua_bijuga",0,0.125
"1366","Eperua_duckeana",0,0.125
"1367","Eperua_falcata",0,0.0977356321839081
"1368","Eperua_glabriflora",0,0.125
"1369","Eperua_grandiflora",0,0.0986103896103896
"1370","Eperua_rubiginosa",0,0.099015037593985
"1371","Erichsenia_uncinata",0,0.053
"1372","Eriosema_buchananii",0,0.219971428571429
"1373","Eriosema_burkei",0,0.136333333333333
"1374","Eriosema_chrysadenium",0,0.19755737704918
"1375","Eriosema_cordatum",0,0.0545816326530612
"1376","Eriosema_crinitum",0,0.213206956521739
"1377","Eriosema_ellipticifolium",0,0.0427735849056604
"1378","Eriosema_ellipticum",0,0.242833333333333
"1379","Eriosema_englerianum",0,0.240912280701754
"1380","Eriosema_heterophyllum",0,0.123958115183246
"1381","Eriosema_kraussianum",0,0.0717345971563981
"1382","Eriosema_montanum",0,0.167275675675676
"1383","Eriosema_nutans",0,0.114524390243902
"1384","Eriosema_pauciflorum",0,0.181348484848485
"1385","Eriosema_rufum",0,0.175581818181818
"1386","Eriosema_salignum",0,0.0605154320987653
"1387","Eriosema_shirense",0,0.218166666666667
"1388","Eriosema_simplicifolium",0,0.323233870967742
"1389","Eriosema_squarrosum",0,0.182155172413793
"1390","Eriosema_violaceum",0,0.227881578947368
"1391","Erythrina_abyssinica",0,0.243599099099099
"1392","Erythrina_americana",0,0.169789237668161
"1393","Erythrina_arborescens",0,0.597817073170732
"1394","Erythrina_berteroana",0,0.18629003021148
"1395","Erythrina_berteroana",1,0.025
"1396","Erythrina_brucei",0,0.161
"1397","Erythrina_corallodendron",0,0.0701666666666667
"1398","Erythrina_corallodendron",1,0.035
"1399","Erythrina_costaricensis",0,0.320573964497042
"1400","Erythrina_crista-galli",0,0.0758281249999998
"1401","Erythrina_crista-galli",1,0.064297385620915
"1402","Erythrina_edulis",0,0.564546637744034
"1403","Erythrina_excelsa",0,0.164288888888889
"1404","Erythrina_falcata",0,0.143761609907121
"1405","Erythrina_folkersii",0,0.133801724137931
"1406","Erythrina_fusca",0,0.437558139534884
"1407","Erythrina_fusca",1,0.0745
"1408","Erythrina_herbacea",0,0.0407045944005743
"1409","Erythrina_humeana",0,0.0876891191709844
"1410","Erythrina_lanata",0,0.219486111111111
"1411","Erythrina_lanceolata",0,0.0917441860465116
"1412","Erythrina_latissima",0,0.113067669172932
"1413","Erythrina_lysistemon",0,0.0837835051546392
"1414","Erythrina_lysistemon",1,0.1868
"1415","Erythrina_poeppigiana",0,0.599062162162162
"1416","Erythrina_poeppigiana",1,0.141769230769231
"1417","Erythrina_rubrinervia",0,0.753219178082192
"1418","Erythrina_sandwicensis",0,0.032
"1419","Erythrina_speciosa",0,0.13289029535865
"1420","Erythrina_stricta",0,0.640985507246377
"1421","Erythrina_suberosa",0,0.687756756756757
"1422","Erythrina_subumbrans",0,0.441776315789474
"1423","Erythrina_variegata",0,0.366161971830986
"1424","Erythrina_variegata",1,0.09945
"1425","Erythrina_velutina",0,0.139587248322148
"1426","Erythrina_verna",0,0.132
"1427","Erythrina_vespertilio",0,0.0325889101338432
"1428","Erythrina_zeyheri",0,0.043563829787234
"1429","Erythrophleum_africanum",0,0.138882978723404
"1430","Erythrophleum_lasianthum",0,0.1
"1431","Euchilopsis_linearis",0,0.053
"1432","Euchresta_japonica",0,0.107108108108108
"1433","Eutaxia_microphylla",0,0.0170894245723172
"1434","Eutaxia_virgata",0,0.053
"1435","Exostyles_venusta",0,0.124285714285714
"1436","Faidherbia_albida",0,0.129866666666667
"1437","Faidherbia_albida",1,0.0892307692307692
"1438","Flemingia_grahamiana",0,0.228080536912752
"1439","Flemingia_lineata",0,0.121147959183674
"1440","Flemingia_lineata",1,0.218
"1441","Flemingia_macrophylla",0,0.453179078014184
"1442","Flemingia_macrophylla",1,0.0726607142857143
"1443","Flemingia_strobilifera",0,0.419252727272727
"1444","Flemingia_strobilifera",1,0.111047169811321
"1445","Galactia_canescens",0,0.0497857142857143
"1446","Galactia_dubia",0,0.0807872340425532
"1447","Galactia_jussiaeana",0,0.24466220735786
"1448","Galactia_latisiliqua",0,0.112875862068966
"1449","Galactia_megalophylla",0,0.02
"1450","Galactia_regularis",0,0.0398776859504132
"1451","Galactia_spiciformis",0,0.124105882352941
"1452","Galactia_striata",0,0.100205193855158
"1453","Galega_officinalis",0,0.121888932702419
"1454","Galega_officinalis",1,0.0694861480075901
"1455","Galega_orientalis",0,0.156631578947368
"1456","Galega_orientalis",1,0.0416767597325992
"1457","Gastrolobium_bilobum",0,0.053
"1458","Gastrolobium_crassifolium",0,0.053
"1459","Gastrolobium_parviflorum",0,0.053
"1460","Gastrolobium_spinosum",0,0.053
"1461","Gastrolobium_trilobum",0,0.053
"1462","Gastrolobium_velutinum",0,0.053
"1463","Gastrolobium_villosum",0,0.053
"1464","Gastrolobium_villosum",1,0.014
"1465","Geissaspis_cristata",0,0.69778125
"1466","Genista_anglica",0,0.0651238658374967
"1467","Genista_canariensis",0,0.06
"1468","Genista_canariensis",1,0.0416666666666667
"1469","Genista_cinerea",0,0.129346708006565
"1470","Genista_falcata",0,0.108206521739131
"1471","Genista_ferox",0,0.239
"1472","Genista_florida",0,0.143743553008596
"1473","Genista_germanica",0,0.0963478316985031
"1474","Genista_hispanica",0,0.131637488835013
"1475","Genista_linifolia",0,0.157991525423729
"1476","Genista_linifolia",1,0.0190029702970297
"1477","Genista_monspessulana",0,0.117465250965251
"1478","Genista_monspessulana",1,0.0366148763131144
"1479","Genista_pilosa",0,0.095647960000002
"1480","Genista_pilosa",1,0.052
"1481","Genista_radiata",0,0.125268085106383
"1482","Genista_sagittalis",0,0.110121955812202
"1483","Genista_sagittalis",1,0.133
"1484","Genista_stenopetala",0,0.0597338709677419
"1485","Genista_stenopetala",1,0.0165271317829457
"1486","Genista_tenera",0,0.028
"1487","Genista_tinctoria",0,0.0961603946357883
"1488","Genista_tinctoria",1,0.016
"1489","Genista_tricuspidata",0,0.156531428571429
"1490","Gilbertiodendron_mayombense",0,0.117157894736842
"1491","Gleditsia_amorphoides",0,0.0780795454545454
"1492","Gleditsia_australis",0,0.423
"1493","Gleditsia_fera",0,0.400733333333333
"1494","Gleditsia_japonica",0,0.242883458646617
"1495","Gleditsia_triacanthos",0,0.0326758685840243
"1496","Gleditsia_triacanthos",1,0.109292799412197
"1497","Gliricidia_sepium",0,0.423562146892652
"1498","Gliricidia_sepium",1,0.329847599164927
"1499","Glycine_canescens",0,0.0303791366906474
"1500","Glycine_clandestina",0,0.031755313092978
"1501","Glycine_falcata",0,0.0323995037220844
"1502","Glycine_max",0,0.172742123287671
"1503","Glycine_max",1,0.137281784841076
"1504","Glycine_microphylla",0,0.0343398187633262
"1505","Glycine_tabacina",0,0.0348808129215478
"1506","Glycine_tomentella",0,0.0426204262163249
"1507","Glycyrrhiza_acanthocarpa",0,0.0274610778443114
"1508","Glycyrrhiza_echinata",0,0.126305433186491
"1509","Glycyrrhiza_glabra",0,0.169493946731235
"1510","Glycyrrhiza_glabra",1,0.134632503660322
"1511","Glycyrrhiza_lepidota",0,0.0245124845488257
"1512","Glycyrrhiza_pallidiflora",0,0.240975903614458
"1513","Glycyrrhiza_uralensis",0,0.114377470355731
"1514","Glycyrrhiza_uralensis",1,0.097
"1515","Gompholobium_confertum",0,0.053
"1516","Gompholobium_grandiflorum",0,0.036
"1517","Gompholobium_huegelii",0,0.0235099337748343
"1518","Gompholobium_knightianum",0,0.0529299820466786
"1519","Gompholobium_latifolium",0,0.0348153618906943
"1520","Gompholobium_marginatum",0,0.053
"1521","Gompholobium_minus",0,0.036
"1522","Gompholobium_pinnatum",0,0.0381682051282051
"1523","Gompholobium_polymorphum",0,0.053
"1524","Gompholobium_scabrum",0,0.053
"1525","Gompholobium_subulatum",0,0.0218632371392723
"1526","Gompholobium_tomentosum",0,0.053
"1527","Gompholobium_venustum",0,0.053
"1528","Gompholobium_virgatum",0,0.0385814479638009
"1529","Goniorrhachis_marginata",0,0.093712
"1530","Goodia_lotifolia",0,0.0230897880539498
"1531","Goodia_lotifolia",1,0.011
"1532","Gueldenstaedtia_verna",0,0.150927272727273
"1533","Guibourtia_chodatiana",0,0.159181818181818
"1534","Guibourtia_coleosperma",0,0.248460227272727
"1535","Guibourtia_conjugata",0,0.234852459016393
"1536","Gymnocladus_chinensis",0,0.473408163265306
"1537","Haematoxylum_campechianum",0,0.131852596314908
"1538","Haematoxylum_campechianum",1,0.109628205128205
"1539","Hardenbergia_comptoniana",0,0.053
"1540","Hardenbergia_comptoniana",1,0.036
"1541","Hardenbergia_violacea",0,0.0304527120616099
"1542","Harleyodendron_unifoliolatum",0,0.074
"1543","Havardia_albicans",0,0.132697740112994
"1544","Havardia_mexicana",0,0.11966
"1545","Havardia_pallens",0,0.141336048879837
"1546","Hebestigma_cubense",0,0.218
"1547","Hedysarum_alpinum",0,0.0446146971201588
"1548","Hedysarum_boreale",0,0.0237274774774775
"1549","Hedysarum_caucasicum",0,0.157065088757396
"1550","Hedysarum_ferganense",0,0.224972972972973
"1551","Hedysarum_hedysaroides",0,0.0707454993834773
"1552","Hedysarum_hedysaroides",1,0.12
"1553","Hedysarum_occidentale",0,0.0259263157894737
"1554","Hedysarum_polybotrys",0,0.38369696969697
"1555","Hedysarum_vicioides",0,0.0885368852459017
"1556","Heterostemon_ellipticus",0,0.377692307692308
"1557","Heterostemon_mimosoides",0,0.433487804878049
"1558","Hippocrepis_areolata",0,0.116380952380952
"1559","Hippocrepis_areolata",1,0.115
"1560","Hippocrepis_comosa",0,0.105109358634711
"1561","Hippocrepis_emerus",0,0.117924628169164
"1562","Hippocrepis_emerus",1,0.0401428571428571
"1563","Hippocrepis_multisiliquosa",0,0.136109913793103
"1564","Hippocrepis_unisiliquosa",0,0.119334340382679
"1565","Hoffmannseggia_glauca",0,0.0647729032258066
"1566","Hoffmannseggia_glauca",1,0.06
"1567","Hoffmannseggia_microphylla",0,0.0628595194085029
"1568","Hoita_macrostachya",0,0.0447046728971963
"1569","Hoita_orbicularis",0,0.0468
"1570","Hovea_acutifolia",0,0.0410810810810811
"1571","Hovea_elliptica",0,0.053
"1572","Hovea_linearis",0,0.0359978199937714
"1573","Hovea_longifolia",0,0.036
"1574","Hovea_pungens",0,0.053
"1575","Hovea_trisperma",0,0.053
"1576","Hovea_trisperma",1,0.014
"1577","Hydrochorea_corymbosa",0,0.276637130801688
"1578","Hydrochorea_gonggrijpii",0,0.33425
"1579","Hydrochorea_marginata",0,0.292911764705882
"1580","Hylodendron_gabunense",0,0.0965594405594406
"1581","Hylodesmum_podocarpum",0,0.148184910327769
"1582","Hylodesmum_repandum",0,0.229075851393189
"1583","Hylodesmum_repandum",1,0.0360344827586207
"1584","Hymenaea_aurea",0,0.104333333333333
"1585","Hymenaea_courbaril",0,0.235270065623422
"1586","Hymenaea_courbaril",1,0.037875
"1587","Hymenaea_eriogyne",0,0.093349593495935
"1588","Hymenaea_intermedia",0,0.304620253164557
"1589","Hymenaea_martiana",0,0.0964743083003953
"1590","Hymenaea_parvifolia",0,0.179644970414201
"1591","Hymenaea_reticulata",0,0.479589743589744
"1592","Hymenaea_rubriflora",0,0.074
"1593","Hymenaea_stigonocarpa",0,0.0883374655647381
"1594","Hymenaea_verrucosa",0,0.198927152317881
"1595","Hymenaea_verrucosa",1,0.195
"1596","Hymenolobium_alagoanum",0,0.08555
"1597","Hymenolobium_excelsum",0,0.2755
"1598","Hymenolobium_heterocarpum",0,0.347767441860465
"1599","Hymenolobium_janeirense",0,0.115351851851852
"1600","Hymenolobium_modestum",0,0.125
"1601","Hymenolobium_nitidum",0,0.111782608695652
"1602","Hymenolobium_petraeum",0,0.251365853658537
"1603","Hypocalyptus_coluteoides",0,0.23
"1604","Hypocalyptus_oxalidifolius",0,0.23
"1605","Hypocalyptus_sophoroides",0,0.23
"1606","Indigastrum_argyroides",0,0.161703125
"1607","Indigastrum_burkeanum",0,0.0441698113207547
"1608","Indigastrum_costatum",0,0.101307692307692
"1609","Indigastrum_parviflorum",0,0.04420964360587
"1610","Indigastrum_parviflorum",1,0.014
"1611","Indigofera_adenoides",0,0.04404
"1612","Indigofera_alopecuroides",0,0.23
"1613","Indigofera_alternans",0,0.160799450549451
"1614","Indigofera_amblyantha",0,0.355842105263158
"1615","Indigofera_angustata",0,0.23
"1616","Indigofera_angustifolia",0,0.228785714285714
"1617","Indigofera_argentea",0,0.0973488372093023
"1618","Indigofera_arrecta",0,0.152032171581769
"1619","Indigofera_arrecta",1,0.116208333333333
"1620","Indigofera_asperifolia",0,0.0801282051282051
"1621","Indigofera_asperifolia",1,0.827
"1622","Indigofera_astragalina",0,0.100418660287081
"1623","Indigofera_atropurpurea",0,0.520805084745763
"1624","Indigofera_auricoma",0,0.102679104477612
"1625","Indigofera_australis",0,0.029537092624357
"1626","Indigofera_bainesii",0,0.0540147058823529
"1627","Indigofera_brachystachya",0,0.23
"1628","Indigofera_brevidens",0,0.040859872611465
"1629","Indigofera_bungeana",0,0.185809387521465
"1630","Indigofera_bungeana",1,0.114
"1631","Indigofera_candicans",0,0.23
"1632","Indigofera_capillaris",0,0.23
"1633","Indigofera_caroliniana",0,0.0392482269503546
"1634","Indigofera_cassioides",0,0.564650793650794
"1635","Indigofera_circinella",0,0.215055555555556
"1636","Indigofera_circinella",1,0.043
"1637","Indigofera_circinnata",0,0.0538484848484848
"1638","Indigofera_comosa",0,0.0447692307692308
"1639","Indigofera_cordifolia",0,0.284153846153846
"1640","Indigofera_cordifolia",1,0.02
"1641","Indigofera_cryptantha",0,0.0690366972477064
"1642","Indigofera_cuneifolia",0,0.196020408163265
"1643","Indigofera_cytisoides",0,0.23
"1644","Indigofera_daleoides",0,0.0903886462882096
"1645","Indigofera_denudata",0,0.23
"1646","Indigofera_digitata",0,0.23
"1647","Indigofera_dimidiata",0,0.0797425742574258
"1648","Indigofera_dosua",0,0.478677419354839
"1649","Indigofera_dregeana",0,0.0443513513513513
"1650","Indigofera_emarginella",0,0.1976015625
"1651","Indigofera_eriocarpa",0,0.045
"1652","Indigofera_filicaulis",0,0.23
"1653","Indigofera_filifolia",0,0.23
"1654","Indigofera_filiformis",0,0.23
"1655","Indigofera_filipes",0,0.0561307692307692
"1656","Indigofera_flabellata",0,0.23
"1657","Indigofera_flavicans",0,0.11849593495935
"1658","Indigofera_fortunei",0,0.435224137931034
"1659","Indigofera_frutescens",0,0.23
"1660","Indigofera_fulvopilosa",0,0.106719101123596
"1661","Indigofera_galegoides",0,0.395544303797468
"1662","Indigofera_garckeana",0,0.0808113207547169
"1663","Indigofera_glandulosa",0,0.203825
"1664","Indigofera_glandulosa",1,0.02
"1665","Indigofera_glomerata",0,0.23
"1666","Indigofera_hedyantha",0,0.0959618644067797
"1667","Indigofera_hendecaphylla",0,0.153940711462451
"1668","Indigofera_hendecaphylla",1,0.3995
"1669","Indigofera_heterophylla",0,0.23
"1670","Indigofera_heterotricha",0,0.114944237918216
"1671","Indigofera_hilaris",0,0.0920183486238533
"1672","Indigofera_hirsuta",0,0.11074228761272
"1673","Indigofera_hirsuta",1,0.0596807692307696
"1674","Indigofera_hispida",0,0.23
"1675","Indigofera_holubii",0,0.086031746031746
"1676","Indigofera_humifusa",0,0.23
"1677","Indigofera_incana",0,0.228984693877551
"1678","Indigofera_inhambanensis",0,0.102571428571429
"1679","Indigofera_kirilowii",0,0.105933766233766
"1680","Indigofera_langebergensis",0,0.23
"1681","Indigofera_lespedezioides",0,0.21349547920434
"1682","Indigofera_linifolia",0,0.0565518518518513
"1683","Indigofera_linifolia",1,0.0376666666666667
"1684","Indigofera_lupatana",0,0.141602941176471
"1685","Indigofera_lyallii",0,0.198379310344828
"1686","Indigofera_mauritanica",0,0.23
"1687","Indigofera_melanadenia",0,0.0526375
"1688","Indigofera_meyeriana",0,0.23
"1689","Indigofera_microcarpa",0,0.101083333333333
"1690","Indigofera_mimosoides",0,0.214777777777778
"1691","Indigofera_miniata",0,0.0740961455175399
"1692","Indigofera_mollicoma",0,0.042875
"1693","Indigofera_nigromontana",0,0.193340909090909
"1694","Indigofera_nummulariifolia",0,0.11736231884058
"1695","Indigofera_oblongifolia",0,0.168588235294118
"1696","Indigofera_oblongifolia",1,0.0814
"1697","Indigofera_ormocarpoides",0,0.211130434782609
"1698","Indigofera_ovata",0,0.23
"1699","Indigofera_oxalidea",0,0.0628955223880597
"1700","Indigofera_oxytropis",0,0.0431367521367521
"1701","Indigofera_porrecta",0,0.23
"1702","Indigofera_pratensis",0,0.0389227129337539
"1703","Indigofera_procumbens",0,0.23
"1704","Indigofera_psoraloides",0,0.23
"1705","Indigofera_pulchra",0,0.0572061281337047
"1706","Indigofera_reticulata",0,0.642039215686275
"1707","Indigofera_rhynchocarpa",0,0.180589743589744
"1708","Indigofera_rhytidocarpa",0,0.0892542372881356
"1709","Indigofera_rostrata",0,0.0460909090909091
"1710","Indigofera_sanguinea",0,0.0429593495934959
"1711","Indigofera_schimperi",0,0.14215
"1712","Indigofera_schimperi",1,0.043
"1713","Indigofera_senegalensis",0,0.0621305263157895
"1714","Indigofera_sessiliflora",0,0.0715420560747664
"1715","Indigofera_sessiliflora",1,0.053
"1716","Indigofera_sessilifolia",0,0.191516339869281
"1717","Indigofera_setiflora",0,0.2314
"1718","Indigofera_sordida",0,0.0593846153846154
"1719","Indigofera_sphaerocarpa",0,0.051375
"1720","Indigofera_spicata",0,0.152378881987578
"1721","Indigofera_spicata",1,0.0410294676806084
"1722","Indigofera_stenophylla",0,0.0645984848484848
"1723","Indigofera_stricta",0,0.23
"1724","Indigofera_strobilifera",0,0.140547169811321
"1725","Indigofera_suffruticosa",0,0.194283751776409
"1726","Indigofera_suffruticosa",1,0.193971717171717
"1727","Indigofera_sulcata",0,0.23
"1728","Indigofera_swaziensis",0,0.115686440677966
"1729","Indigofera_tenuissima",0,0.045
"1730","Indigofera_tinctoria",0,0.2605
"1731","Indigofera_tinctoria",1,0.145883757961783
"1732","Indigofera_torulosa",0,0.0869016393442623
"1733","Indigofera_tristis",0,0.0697464788732394
"1734","Indigofera_tristoides",0,0.0426617647058824
"1735","Indigofera_velutina",0,0.058425
"1736","Indigofera_vicioides",0,0.126418300653595
"1737","Indigofera_williamsonii",0,0.0585116279069767
"1738","Indigofera_woodii",0,0.0957843137254902
"1739","Indigofera_zollingeriana",0,0.356464285714286
"1740","Indigofera_zollingeriana",1,0.25975
"1741","Inga_acreana",0,0.464308016877637
"1742","Inga_acrocephala",0,0.443815573770492
"1743","Inga_acuminata",0,0.418275362318841
"1744","Inga_alba",0,0.416863368669024
"1745","Inga_blanchetiana",0,0.074
"1746","Inga_capitata",0,0.240604910714286
"1747","Inga_cayennensis",0,0.2764921875
"1748","Inga_chocoensis",0,0.221291666666667
"1749","Inga_cinnamomea",0,0.480389534883721
"1750","Inga_cordatoalata",0,0.45416091954023
"1751","Inga_cordistipula",0,0.151
"1752","Inga_densiflora",0,0.438922330097088
"1753","Inga_disticha",0,0.111027972027972
"1754","Inga_edulis",0,0.42767503217503
"1755","Inga_edulis",1,0.131805825242718
"1756","Inga_fastuosa",0,0.582068965517242
"1757","Inga_fastuosa",1,0.025
"1758","Inga_graciliflora",0,0.192076923076923
"1759","Inga_gracilifolia",0,0.452532710280374
"1760","Inga_hayesii",0,0.499785714285714
"1761","Inga_heterophylla",0,0.396349907918969
"1762","Inga_hispida",0,0.143450980392157
"1763","Inga_huberi",0,0.120840909090909
"1764","Inga_ingoides",0,0.229024330900244
"1765","Inga_lateriflora",0,0.143673913043478
"1766","Inga_laurina",0,0.160843457943925
"1767","Inga_laurina",1,0.059
"1768","Inga_lentiscifolia",0,0.106
"1769","Inga_longiflora",0,0.354909090909091
"1770","Inga_macrophylla",0,0.448613445378151
"1771","Inga_maritima",0,0.188555555555556
"1772","Inga_mortoniana",0,0.114909090909091
"1773","Inga_nobilis",0,0.336978650725876
"1774","Inga_nobilis",1,0.025
"1775","Inga_obidensis",0,0.130510638297872
"1776","Inga_oerstediana",0,0.320336065573771
"1777","Inga_panurensis",0,0.285457142857143
"1778","Inga_paraensis",0,0.121637168141593
"1779","Inga_paterno",0,0.158748466257669
"1780","Inga_pezizifera",0,0.421877840909091
"1781","Inga_pilosula",0,0.319493055555556
"1782","Inga_punctata",0,0.310181208053691
"1783","Inga_rubiginosa",0,0.245350877192982
"1784","Inga_sertulifera",0,0.317083067092652
"1785","Inga_sessilis",0,0.136496875
"1786","Inga_spectabilis",0,0.524773242630386
"1787","Inga_splendens",0,0.204668831168831
"1788","Inga_stipularis",0,0.26193137254902
"1789","Inga_thibaudiana",0,0.325149116607774
"1790","Inga_tonduzii",0,0.111205479452055
"1791","Inga_umbellifera",0,0.386643968871596
"1792","Inga_uraguensis",0,0.0640366972477064
"1793","Inga_velutina",0,0.41919387755102
"1794","Inga_vera",0,0.211048844884489
"1795","Inga_vulpina",0,0.143986842105263
"1796","Inocarpus_fagifer",0,0.298688741721854
"1797","Inocarpus_fagifer",1,0.0489285714285714
"1798","Intsia_palembanica",0,0.391282352941176
"1799","Intsia_palembanica",1,0.315
"1800","Isoberlinia_angolensis",0,0.223816513761468
"1801","Isotropis_atropurpurea",0,0.0320085959885387
"1802","Isotropis_cuneifolia",0,0.053
"1803","Isotropis_juncea",0,0.053
"1804","Jacksonia_capitata",0,0.053
"1805","Jacksonia_dilatata",0,0.0203154285714286
"1806","Jacksonia_floribunda",0,0.053
"1807","Jacksonia_furcellata",0,0.053
"1808","Jacksonia_hakeoides",0,0.053
"1809","Jacksonia_horrida",0,0.053
"1810","Jacksonia_scoparia",0,0.0380216535433071
"1811","Jacksonia_sericea",0,0.053
"1812","Jacksonia_spinosa",0,0.053
"1813","Jacksonia_sternbergiana",0,0.053
"1814","Julbernardia_globiflora",0,0.237012787723785
"1815","Julbernardia_paniculata",0,0.276720930232558
"1816","Kennedia_carinata",0,0.053
"1817","Kennedia_coccinea",0,0.053
"1818","Kennedia_glabrata",0,0.053
"1819","Kennedia_nigricans",0,0.053
"1820","Kennedia_nigricans",1,0.0144705882352941
"1821","Kennedia_prorepens",0,0.0407784615384615
"1822","Kennedia_prostrata",0,0.0208895819285232
"1823","Kennedia_rubicunda",0,0.0332187911881002
"1824","Kennedia_rubicunda",1,0.012875
"1825","Kennedia_stirlingii",0,0.053
"1826","Koompassia_malaccensis",0,0.449294117647059
"1827","Kotschya_strigosa",0,0.186368715083799
"1828","Kotschya_strobilantha",0,0.254837209302326
"1829","Kotschya_thymodora",0,0.232938461538462
"1830","Kummerowia_stipulacea",0,0.15431221719457
"1831","Kummerowia_stipulacea",1,0.0354988235294117
"1832","Kummerowia_striata",0,0.146703438395414
"1833","Kummerowia_striata",1,0.0501331397760265
"1834","Lablab_purpureus",0,0.258711967545639
"1835","Lablab_purpureus",1,0.328806301050175
"1836","Laburnum_alpinum",0,0.117477627471384
"1837","Laburnum_anagyroides",0,0.108828390389862
"1838","Laburnum_anagyroides",1,0.0708422210005499
"1839","Lamprolobium_fruticosum",0,0.043
"1840","Lathyrus_angulatus",0,0.116630288651641
"1841","Lathyrus_angulatus",1,0.036088
"1842","Lathyrus_annuus",0,0.147355769230768
"1843","Lathyrus_annuus",1,0.052
"1844","Lathyrus_aphaca",0,0.141649288168876
"1845","Lathyrus_aphaca",1,0.0639994375703036
"1846","Lathyrus_brachycalyx",0,0.0264181818181818
"1847","Lathyrus_cicera",0,0.153250346207107
"1848","Lathyrus_cicera",1,0.0456829268292683
"1849","Lathyrus_clymenum",0,0.12612974764211
"1850","Lathyrus_clymenum",1,0.0414
"1851","Lathyrus_davidii",0,0.0994816446402347
"1852","Lathyrus_eucosmus",0,0.0251077844311377
"1853","Lathyrus_graminifolius",0,0.034
"1854","Lathyrus_hirsutus",0,0.115212558962265
"1855","Lathyrus_hirsutus",1,0.0414058919803601
"1856","Lathyrus_humilis",0,0.0417528
"1857","Lathyrus_inconspicuus",0,0.289008938547487
"1858","Lathyrus_japonicus",0,0.051797150041911
"1859","Lathyrus_jepsonii",0,0.043
"1860","Lathyrus_komarovii",0,0.0404258373205742
"1861","Lathyrus_lanszwertii",0,0.0240737893927748
"1862","Lathyrus_latifolius",0,0.117845390625001
"1863","Lathyrus_latifolius",1,0.0550114115604068
"1864","Lathyrus_linifolius",0,0.106371659246549
"1865","Lathyrus_linifolius",1,0.068
"1866","Lathyrus_littoralis",0,0.0323975903614458
"1867","Lathyrus_magellanicus",0,0.153443514644351
"1868","Lathyrus_marmoratus",0,0.112390804597701
"1869","Lathyrus_nevadensis",0,0.0260657507360157
"1870","Lathyrus_niger",0,0.10895378247873
"1871","Lathyrus_nissolia",0,0.0984129746835442
"1872","Lathyrus_nissolia",1,0.016
"1873","Lathyrus_ochroleucus",0,0.0182992248062015
"1874","Lathyrus_ochrus",0,0.117490651558074
"1875","Lathyrus_ochrus",1,0.371
"1876","Lathyrus_odoratus",0,0.12248275862069
"1877","Lathyrus_odoratus",1,0.100571428571429
"1878","Lathyrus_palustris",0,0.0841038348607532
"1879","Lathyrus_pisiformis",0,0.0445135135135134
"1880","Lathyrus_pratensis",0,0.0911681120194473
"1881","Lathyrus_pratensis",1,0.0241497005988024
"1882","Lathyrus_pseudocicera",0,0.186199203187251
"1883","Lathyrus_pusillus",0,0.034
"1884","Lathyrus_sativus",0,0.233266666666667
"1885","Lathyrus_sativus",1,0.239709897610921
"1886","Lathyrus_sphaericus",0,0.126236038569707
"1887","Lathyrus_sphaericus",1,0.0403932584269663
"1888","Lathyrus_sylvestris",0,0.0960395996675944
"1889","Lathyrus_sylvestris",1,0.023488603988604
"1890","Lathyrus_tingitanus",0,0.102683530678149
"1891","Lathyrus_tingitanus",1,0.0324950071326676
"1892","Lathyrus_tuberosus",0,0.0884585008375168
"1893","Lathyrus_tuberosus",1,0.101226548672566
"1894","Lathyrus_venosus",0,0.0223112980769231
"1895","Lathyrus_venosus",1,0.032
"1896","Lathyrus_vernus",0,0.0969117723105078
"1897","Lathyrus_vernus",1,0.02
"1898","Lebeckia_gracilis",0,0.23
"1899","Lebeckia_pauciflora",0,0.23
"1900","Lebeckia_plukenetiana",0,0.23
"1901","Lebeckia_sepiaria",0,0.23
"1902","Lebeckia_wrightii",0,0.23
"1903","Lecointea_amazonica",0,0.2675
"1904","Leptoderris_nobilis",0,0.178857142857143
"1905","Leptosema_chambersii",0,0.0324206185567011
"1906","Lespedeza_angustifolia",0,0.0377022222222222
"1907","Lespedeza_bicolor",0,0.0911583673469388
"1908","Lespedeza_bicolor",1,0.05389039408867
"1909","Lespedeza_buergeri",0,0.10614472123369
"1910","Lespedeza_capitata",0,0.0261182118211821
"1911","Lespedeza_caraganae",0,0.199213114754098
"1912","Lespedeza_chinensis",0,0.383711764705882
"1913","Lespedeza_cyrtobotrya",0,0.0815341386554622
"1914","Lespedeza_davidii",0,0.455538922155689
"1915","Lespedeza_davidii",1,0.097
"1916","Lespedeza_floribunda",0,0.308688571428572
"1917","Lespedeza_floribunda",1,0.0696666666666667
"1918","Lespedeza_hirta",0,0.0385588853838065
"1919","Lespedeza_homoloba",0,0.056
"1920","Lespedeza_inschanica",0,0.176780701754386
"1921","Lespedeza_juncea",0,0.0772515489467162
"1922","Lespedeza_juncea",1,0.24
"1923","Lespedeza_leptostachya",0,0.0200294117647059
"1924","Lespedeza_maximowiczii",0,0.0968384554767533
"1925","Lespedeza_melanantha",0,0.091875
"1926","Lespedeza_pilosa",0,0.120961165048543
"1927","Lespedeza_procumbens",0,0.0448823529411765
"1928","Lespedeza_repens",0,0.0439944258639911
"1929","Lespedeza_stuevei",0,0.0409282051282051
"1930","Lespedeza_thunbergii",0,0.203430520034102
"1931","Lespedeza_thunbergii",1,0.0399411764705882
"1932","Lespedeza_tomentosa",0,0.0769705882352941
"1933","Lespedeza_violacea",0,0.0285883424408015
"1934","Lespedeza_virgata",0,0.195447033898305
"1935","Lespedeza_virgata",1,0.031
"1936","Lespedeza_virginica",0,0.0386884718498659
"1937","Lessertia_annularis",0,0.215189873417722
"1938","Lessertia_benguellensis",0,0.116878048780488
"1939","Lessertia_brachystachya",0,0.209444444444444
"1940","Lessertia_depressa",0,0.1525
"1941","Lessertia_diffusa",0,0.227688524590164
"1942","Lessertia_excisa",0,0.23
"1943","Lessertia_herbacea",0,0.225765957446809
"1944","Lessertia_macrostachya",0,0.161804347826087
"1945","Lessertia_pauciflora",0,0.171959595959596
"1946","Lessertia_perennans",0,0.0873406593406593
"1947","Lessertia_stricta",0,0.0513125
"1948","Leucaena_collinsii",0,0.139714285714286
"1949","Leucaena_cuspidata",0,0.156304347826087
"1950","Leucaena_diversifolia",0,0.172501347708895
"1951","Leucaena_diversifolia",1,0.21825
"1952","Leucaena_esculenta",0,0.196106060606061
"1953","Leucaena_greggii",0,0.152
"1954","Leucaena_lanceolata",0,0.195107142857143
"1955","Leucaena_leucocephala",0,0.15815969581749
"1956","Leucaena_leucocephala",1,0.184236258567397
"1957","Leucaena_macrophylla",0,0.227979310344828
"1958","Leucaena_multicapitula",0,0.10762962962963
"1959","Leucaena_pulverulenta",0,0.115363970588235
"1960","Leucaena_pulverulenta",1,0.136
"1961","Leucaena_retusa",0,0.0629197707736389
"1962","Leucaena_salvadorensis",0,0.0816
"1963","Leucaena_shannonii",0,0.0962450331125827
"1964","Leucaena_shannonii",1,0.827
"1965","Leucaena_trichandra",0,0.1804375
"1966","Leucaena_trichodes",0,0.476193939393939
"1967","Leucaena_trichodes",1,0.038
"1968","Liparia_parva",0,0.23
"1969","Liparia_splendens",0,0.23
"1970","Loesenera_talbotii",0,0.12541935483871
"1971","Lonchocarpus_atropurpureus",0,0.401192660550459
"1972","Lonchocarpus_capassa",0,0.11937125748503
"1973","Lonchocarpus_constrictus",0,0.252421052631579
"1974","Lonchocarpus_eriocarinalis",0,0.254
"1975","Lonchocarpus_guatemalensis",0,0.146838983050848
"1976","Lonchocarpus_heptaphyllus",0,0.190087071240106
"1977","Lonchocarpus_macrophyllus",0,0.389958904109589
"1978","Lonchocarpus_nitidus",0,0.0830615384615385
"1979","Lonchocarpus_punctatus",0,0.373347517730496
"1980","Lonchocarpus_punctatus",1,0.075
"1981","Lonchocarpus_sericeus",0,0.0727850821744629
"1982","Lonchocarpus_sericeus",1,0.273285714285714
"1983","Lonchocarpus_violaceus",0,0.5621875
"1984","Lotononis_divaricata",0,0.157981132075472
"1985","Lotononis_falcata",0,0.205359223300971
"1986","Lotononis_involucrata",0,0.23
"1987","Lotononis_laxa",0,0.112333333333333
"1988","Lotononis_lotononoides",0,0.0478255813953488
"1989","Lotononis_parviflora",0,0.23
"1990","Lotononis_prostrata",0,0.23
"1991","Lotononis_pulchella",0,0.170407407407407
"1992","Lotononis_rabenaviana",0,0.203142857142857
"1993","Lotus_alpinus",0,0.112732798931196
"1994","Lotus_angustissimus",0,0.110517087276551
"1995","Lotus_angustissimus",1,0.0284645799011532
"1996","Lotus_arabicus",0,0.238938775510204
"1997","Lotus_arenarius",0,0.179590361445783
"1998","Lotus_australis",0,0.0295248226950355
"1999","Lotus_conimbricensis",0,0.132314049586777
"2000","Lotus_conjugatus",0,0.112
"2001","Lotus_corniculatus",0,0.0903481015197902
"2002","Lotus_corniculatus",1,0.025775195609016
"2003","Lotus_cruentus",0,0.0257470297029703
"2004","Lotus_cytisoides",0,0.101561969439728
"2005","Lotus_discolor",0,0.122248447204969
"2006","Lotus_edulis",0,0.124736698499318
"2007","Lotus_glinoides",0,0.0981018518518518
"2008","Lotus_halophilus",0,0.101660377358491
"2009","Lotus_maroccanus",0,0.288
"2010","Lotus_ornithopodioides",0,0.128085650723025
"2011","Lotus_parviflorus",0,0.118044569672131
"2012","Lotus_pedunculatus",0,0.067724550523741
"2013","Lotus_pedunculatus",1,0.0204948559670781
"2014","Lotus_peregrinus",0,0.0805247863247864
"2015","Lotus_purpureus",0,0.027
"2016","Lotus_sessilifolius",0,0.06
"2017","Lotus_subbiflorus",0,0.0863754305396097
"2018","Lotus_subbiflorus",1,0.0199216539717084
"2019","Lotus_tenuis",0,0.0901948574213987
"2020","Lotus_tenuis",1,0.0269608938547486
"2021","Lotus_ucrainicus",0,0.100618055555556
"2022","Lotus_ucrainicus",1,0.03325
"2023","Luetzelburgia_auriculata",0,0.0737326732673267
"2024","Luetzelburgia_bahiensis",0,0.074
"2025","Lupinus_affinis",0,0.0340243902439024
"2026","Lupinus_albicaulis",0,0.0327123050259966
"2027","Lupinus_albifrons",0,0.0420947270181988
"2028","Lupinus_albus",0,0.192801652892562
"2029","Lupinus_albus",1,0.108207430340557
"2030","Lupinus_angustiflorus",0,0.043
"2031","Lupinus_angustifolius",0,0.124512820512821
"2032","Lupinus_angustifolius",1,0.11249215406562
"2033","Lupinus_arboreus",0,0.0413723228995058
"2034","Lupinus_arboreus",1,0.0428264462809919
"2035","Lupinus_arbustus",0,0.0283923371647509
"2036","Lupinus_arcticus",0,0.0137565424266455
"2037","Lupinus_argenteus",0,0.026380326478694
"2038","Lupinus_aridus",0,0.0230443786982249
"2039","Lupinus_arizonicus",0,0.0521552162849873
"2040","Lupinus_atlanticus",0,0.288
"2041","Lupinus_benthamii",0,0.043
"2042","Lupinus_bicolor",0,0.0424011799410029
"2043","Lupinus_breweri",0,0.0411488469601677
"2044","Lupinus_caespitosus",0,0.0274920127795527
"2045","Lupinus_chamissonis",0,0.043
"2046","Lupinus_concinnus",0,0.0441423841059605
"2047","Lupinus_confertus",0,0.0418153477218225
"2048","Lupinus_cosentinii",0,0.13559375
"2049","Lupinus_cosentinii",1,0.107119565217391
"2050","Lupinus_cumulicola",0,0.031
"2051","Lupinus_densiflorus",0,0.0428268398268398
"2052","Lupinus_diffusus",0,0.0391343570057581
"2053","Lupinus_elegans",0,0.191099489795918
"2054","Lupinus_exaltatus",0,0.196958904109589
"2055","Lupinus_flavoculatus",0,0.0376547619047619
"2056","Lupinus_formosus",0,0.0454135593220339
"2057","Lupinus_fulcratus",0,0.043
"2058","Lupinus_gibertianus",0,0.0928111111111111
"2059","Lupinus_grayi",0,0.0429496124031008
"2060","Lupinus_havardii",0,0.039
"2061","Lupinus_hirsutissimus",0,0.0459803921568628
"2062","Lupinus_hispanicus",0,0.132820512820513
"2063","Lupinus_kingii",0,0.0254411085450346
"2064","Lupinus_latifolius",0,0.0376058558558558
"2065","Lupinus_lepidus",0,0.0204173228346457
"2066","Lupinus_leucophyllus",0,0.0268526422764227
"2067","Lupinus_luteus",0,0.0881946039035589
"2068","Lupinus_luteus",1,0.0809846046186142
"2069","Lupinus_lyallii",0,0.0286607142857143
"2070","Lupinus_meionanthus",0,0.0406228571428571
"2071","Lupinus_mexicanus",0,0.174241071428571
"2072","Lupinus_microcarpus",0,0.0446628807434176
"2073","Lupinus_montanus",0,0.16358583106267
"2074","Lupinus_multiflorus",0,0.107717948717949
"2075","Lupinus_mutabilis",0,0.454921739130435
"2076","Lupinus_mutabilis",1,0.161
"2077","Lupinus_nanus",0,0.0428753443526171
"2078","Lupinus_nootkatensis",0,0.0133710691823899
"2079","Lupinus_nootkatensis",1,0.0581186046511628
"2080","Lupinus_ornatus",0,0.0233636363636364
"2081","Lupinus_palaestinus",0,0.0653417721518987
"2082","Lupinus_perennis",0,0.0249177884615385
"2083","Lupinus_perennis",1,0.057972602739726
"2084","Lupinus_pilosus",0,0.143975409836066
"2085","Lupinus_pilosus",1,0.226888888888889
"2086","Lupinus_polycarpus",0,0.0300110701107011
"2087","Lupinus_polyphyllus",0,0.0227360308285164
"2088","Lupinus_polyphyllus",1,0.102086995495333
"2089","Lupinus_pubescens",0,0.385048951048951
"2090","Lupinus_pusillus",0,0.0242495291902071
"2091","Lupinus_rivularis",0,0.0240434782608696
"2092","Lupinus_sellulus",0,0.0330427215189874
"2093","Lupinus_sericeus",0,0.0268466533466533
"2094","Lupinus_sparsiflorus",0,0.0390086890819797
"2095","Lupinus_subcarnosus",0,0.0390168067226891
"2096","Lupinus_succulentus",0,0.0459225061830174
"2097","Lupinus_vallicola",0,0.0423090909090909
"2098","Lupinus_villosus",0,0.0419282868525896
"2099","Lysiloma_acapulcense",0,0.187877172653534
"2100","Lysiloma_divaricatum",0,0.170796399751707
"2101","Lysiloma_latisiliquum",0,0.116868
"2102","Lysiloma_latisiliquum",1,0.701
"2103","Lysiloma_watsonii",0,0.104230769230769
"2104","Lysiphyllum_carronii",0,0.0428980582524272
"2105","Lysiphyllum_gilvum",0,0.0269078341013825
"2106","Maackia_amurensis",0,0.0674051204819278
"2107","Maackia_amurensis",1,0.022
"2108","Maackia_hupehensis",0,0.404589743589744
"2109","Machaerium_aculeatum",0,0.118645299145299
"2110","Machaerium_arboreum",0,0.701804093567251
"2111","Machaerium_brasiliense",0,0.128509043927649
"2112","Machaerium_ferox",0,0.259852631578947
"2113","Machaerium_floribundum",0,0.3424
"2114","Machaerium_hoehneanum",0,0.125
"2115","Machaerium_incorruptibile",0,0.146947368421053
"2116","Machaerium_inundatum",0,0.262510309278351
"2117","Machaerium_isadelphum",0,0.335551839464883
"2118","Machaerium_latifolium",0,0.176444444444444
"2119","Machaerium_lunatum",0,0.0961059190031152
"2120","Machaerium_madeirense",0,0.401877551020408
"2121","Machaerium_milleflorum",0,0.442632653061225
"2122","Machaerium_multifoliolatum",0,0.51890243902439
"2123","Machaerium_myrianthum",0,0.282214285714286
"2124","Machaerium_nyctitans",0,0.134884615384615
"2125","Machaerium_opacum",0,0.0904163265306123
"2126","Machaerium_pedicellatum",0,0.12944
"2127","Machaerium_quinata",0,0.241278350515464
"2128","Machaerium_salzmannii",0,0.091875
"2129","Machaerium_stipitatum",0,0.123732843137255
"2130","Machaerium_villosum",0,0.132623616236162
"2131","Macrolobium_acaciifolium",0,0.277884146341463
"2132","Macrolobium_angustifolium",0,0.327994884910486
"2133","Macrolobium_bifolium",0,0.181714893617021
"2134","Macrolobium_campestre",0,0.122946428571429
"2135","Macrolobium_latifolium",0,0.0862038834951456
"2136","Macrolobium_limbatum",0,0.467454054054054
"2137","Macrolobium_microcalyx",0,0.358353658536585
"2138","Macrolobium_multijugum",0,0.409831428571429
"2139","Macrolobium_pendulum",0,0.122864864864865
"2140","Macrolobium_punctatum",0,0.2166
"2141","Macrolobium_suaveolens",0,0.386478260869565
"2142","Macroptilium_atropurpureum",0,0.191195107033639
"2143","Macroptilium_atropurpureum",1,0.09568562722194
"2144","Macroptilium_bracteatum",0,0.103452173913043
"2145","Macroptilium_bracteatum",1,0.043
"2146","Macroptilium_erythroloma",0,0.108197604790419
"2147","Macroptilium_erythroloma",1,0.827
"2148","Macroptilium_gibbosifolium",0,0.14493656207367
"2149","Macroptilium_gibbosifolium",1,0.106
"2150","Macroptilium_gracile",0,0.213119815668203
"2151","Macroptilium_lathyroides",0,0.106836373110996
"2152","Macroptilium_lathyroides",1,0.13357053291536
"2153","Macroptilium_martii",0,0.0756451612903226
"2154","Macroptilium_panduratum",0,0.0824363636363636
"2155","Macrosamanea_discolor",0,0.305984615384615
"2156","Macrosamanea_duckei",0,0.125
"2157","Macrosamanea_pubiramea",0,0.273125683060109
"2158","Macrosamanea_spruceana",0,0.509847457627119
"2159","Macrotyloma_africanum",0,0.156148148148148
"2160","Macrotyloma_axillare",0,0.158086021505376
"2161","Macrotyloma_axillare",1,0.0785227272727273
"2162","Macrotyloma_daltonii",0,0.152238095238095
"2163","Macrotyloma_densiflorum",0,0.320045454545455
"2164","Macrotyloma_geocarpum",0,0.0982340425531915
"2165","Macrotyloma_maranguense",0,0.11565
"2166","Macrotyloma_uniflorum",0,0.208175438596491
"2167","Macrotyloma_uniflorum",1,0.0804555555555555
"2168","Marina_parryi",0,0.0692368421052633
"2169","Martiodendron_elatum",0,0.132441176470588
"2170","Mastersia_bakeri",0,0.36021875
"2171","Medicago_arabica",0,0.104627612706616
"2172","Medicago_arabica",1,0.0381760035288929
"2173","Medicago_arborea",0,0.151329526916803
"2174","Medicago_arborea",1,0.11168580060423
"2175","Medicago_blancheana",0,0.130395061728395
"2176","Medicago_cancellata",0,0.0935294117647059
"2177","Medicago_constricta",0,0.295585714285714
"2178","Medicago_coronata",0,0.138355759429154
"2179","Medicago_coronata",1,0.05
"2180","Medicago_disciformis",0,0.168157068062827
"2181","Medicago_doliata",0,0.158878395860285
"2182","Medicago_edgeworthii",0,0.506518518518518
"2183","Medicago_falcata",0,0.088846081984977
"2184","Medicago_falcata",1,0.0378754234098607
"2185","Medicago_granadensis",0,0.201702702702703
"2186","Medicago_granadensis",1,0.115
"2187","Medicago_hybrida",0,0.115
"2188","Medicago_hypogaea",0,0.0725633802816902
"2189","Medicago_intertexta",0,0.162837423312883
"2190","Medicago_intertexta",1,0.0352941176470588
"2191","Medicago_laciniata",0,0.155515587529976
"2192","Medicago_laciniata",1,0.0395510887772194
"2193","Medicago_littoralis",0,0.149494132985659
"2194","Medicago_littoralis",1,0.0264411764705882
"2195","Medicago_lupulina",0,0.0883129211903865
"2196","Medicago_lupulina",1,0.049871443042637
"2197","Medicago_marina",0,0.127524017467249
"2198","Medicago_medicaginoides",0,0.344076923076923
"2199","Medicago_minima",0,0.128554447425709
"2200","Medicago_minima",1,0.0287620979426254
"2201","Medicago_monantha",0,0.495365942028985
"2202","Medicago_monspeliaca",0,0.138089030883919
"2203","Medicago_monspeliaca",1,0.0577777777777778
"2204","Medicago_murex",0,0.140515294117647
"2205","Medicago_muricoleptis",0,0.1269
"2206","Medicago_noeana",0,0.595630136986301
"2207","Medicago_orbicularis",0,0.158805766526016
"2208","Medicago_orbicularis",1,0.0368427835051546
"2209","Medicago_orthoceras",0,0.203772151898734
"2210","Medicago_papillosa",0,0.514
"2211","Medicago_polyceratia",0,0.152966459627329
"2212","Medicago_polymorpha",0,0.142839621277823
"2213","Medicago_polymorpha",1,0.0494583798259327
"2214","Medicago_praecox",0,0.135284064665127
"2215","Medicago_praecox",1,0.0376871794871795
"2216","Medicago_radiata",0,0.333048969072165
"2217","Medicago_rugosa",0,0.120970588235294
"2218","Medicago_rugosa",1,0.0683157894736842
"2219","Medicago_ruthenica",0,0.126115062761506
"2220","Medicago_sativa",0,0.129658825567299
"2221","Medicago_sativa",1,0.0836101740486472
"2222","Medicago_scutellata",0,0.138673611111111
"2223","Medicago_scutellata",1,0.048
"2224","Medicago_secundiflora",0,0.137278846153846
"2225","Medicago_secundiflora",1,0.131
"2226","Medicago_soleirolii",0,0.184833333333333
"2227","Medicago_soleirolii",1,0.0815862068965517
"2228","Medicago_suffruticosa",0,0.145670446735395
"2229","Medicago_tenoreana",0,0.125727272727273
"2230","Medicago_tornata",0,0.152636842105263
"2231","Medicago_tornata",1,0.0275
"2232","Medicago_truncatula",0,0.151660489949749
"2233","Medicago_truncatula",1,0.0287880684188568
"2234","Medicago_turbinata",0,0.169101754385965
"2235","Medicago_turbinata",1,0.019
"2236","Melilotus_albus",0,0.0954632771925355
"2237","Melilotus_albus",1,0.0692413010812879
"2238","Melilotus_altissimus",0,0.0876159265934794
"2239","Melilotus_altissimus",1,0.0733786118558237
"2240","Melilotus_dentatus",0,0.0927256493506493
"2241","Melilotus_dentatus",1,0.052
"2242","Melilotus_indicus",0,0.16449030823006
"2243","Melilotus_indicus",1,0.0518731778425655
"2244","Melilotus_infestus",0,0.0965581395348837
"2245","Melilotus_italicus",0,0.130845238095238
"2246","Melilotus_italicus",1,0.05
"2247","Melilotus_neapolitanus",0,0.133879949717159
"2248","Melilotus_officinalis",0,0.0942261690946577
"2249","Melilotus_officinalis",1,0.0621253638897488
"2250","Melilotus_segetalis",0,0.11881512605042
"2251","Melilotus_suaveolens",0,0.137308623298033
"2252","Melilotus_suaveolens",1,0.0914
"2253","Melilotus_sulcatus",0,0.132688198154444
"2254","Melilotus_sulcatus",1,0.04
"2255","Melilotus_wolgicus",0,0.0539270833333333
"2256","Melilotus_wolgicus",1,0.0578571428571429
"2257","Melolobium_adenodes",0,0.222830508474576
"2258","Melolobium_aethiopicum",0,0.224228571428571
"2259","Melolobium_alpinum",0,0.07612
"2260","Melolobium_calycinum",0,0.120981818181818
"2261","Melolobium_candicans",0,0.188720524017467
"2262","Melolobium_exudans",0,0.23
"2263","Melolobium_humile",0,0.23
"2264","Melolobium_microphyllum",0,0.160296992481203
"2265","Melolobium_obcordatum",0,0.105178571428571
"2266","Microberlinia_bisulcata",0,0.121
"2267","Microlobius_foetidus",0,0.163026041666667
"2268","Millettia_dura",0,0.217214285714286
"2269","Millettia_extensa",0,0.516975609756098
"2270","Millettia_ferruginea",0,0.161
"2271","Millettia_grandis",0,0.122211538461538
"2272","Millettia_grandis",1,0.394
"2273","Millettia_laurentii",0,0.0980769230769231
"2274","Millettia_macrophylla",0,0.120533333333333
"2275","Millettia_stuhlmannii",0,0.247573529411765
"2276","Millettia_thonningii",0,0.0540566727605117
"2277","Millettia_usaramensis",0,0.216307692307692
"2278","Mimosa_aculeaticarpa",0,0.112602050326188
"2279","Mimosa_acutistipula",0,0.0851167315175098
"2280","Mimosa_adenocarpa",0,0.0811911764705882
"2281","Mimosa_affinis",0,0.229881720430108
"2282","Mimosa_albida",0,0.245457870941226
"2283","Mimosa_albida",1,0.035
"2284","Mimosa_arenosa",0,0.196168067226891
"2285","Mimosa_arenosa",1,0.025
"2286","Mimosa_bahamensis",0,0.131176470588235
"2287","Mimosa_benthamii",0,0.197090909090909
"2288","Mimosa_bimucronata",0,0.112266081871345
"2289","Mimosa_bimucronata",1,0.391648648648649
"2290","Mimosa_blanchetii",0,0.074
"2291","Mimosa_borealis",0,0.036993932038835
"2292","Mimosa_caesalpiniifolia",0,0.0885172413793103
"2293","Mimosa_calodendron",0,0.151
"2294","Mimosa_campicola",0,0.07675
"2295","Mimosa_camporum",0,0.229024752475248
"2296","Mimosa_casta",0,0.458333333333333
"2297","Mimosa_casta",1,0.025
"2298","Mimosa_ceratonia",0,0.06892
"2299","Mimosa_cordistipula",0,0.074
"2300","Mimosa_debilis",0,0.111887243735763
"2301","Mimosa_depauperata",0,0.152
"2302","Mimosa_diplotricha",0,0.175935483870968
"2303","Mimosa_diplotricha",1,0.224357277882798
"2304","Mimosa_dormiens",0,0.305307692307692
"2305","Mimosa_dysocarpa",0,0.0722745591939546
"2306","Mimosa_filipes",0,0.110284210526316
"2307","Mimosa_flagellaris",0,0.0968888888888889
"2308","Mimosa_flocculosa",0,0.111459459459459
"2309","Mimosa_foliolosa",0,0.0908766404199475
"2310","Mimosa_furfuracea",0,0.135
"2311","Mimosa_gemmulata",0,0.101211538461538
"2312","Mimosa_grahamii",0,0.0731121495327103
"2313","Mimosa_guilandinae",0,0.262443877551021
"2314","Mimosa_hamata",0,0.701
"2315","Mimosa_hexandra",0,0.117961832061069
"2316","Mimosa_hirsutissima",0,0.133091525423729
"2317","Mimosa_hondurana",0,0.111179104477612
"2318","Mimosa_hypoglauca",0,0.0985045045045045
"2319","Mimosa_irrigua",0,0.074
"2320","Mimosa_lacerata",0,0.176814102564102
"2321","Mimosa_lactiflua",0,0.21725
"2322","Mimosa_lanuginosa",0,0.056
"2323","Mimosa_latispinosa",0,0.202
"2324","Mimosa_lewisii",0,0.074
"2325","Mimosa_luisana",0,0.162481012658228
"2326","Mimosa_melanocarpa",0,0.0603666666666667
"2327","Mimosa_mensicola",0,0.074
"2328","Mimosa_mollis",0,0.249836734693878
"2329","Mimosa_monancistra",0,0.168921658986175
"2330","Mimosa_monticola",0,0.151
"2331","Mimosa_occidentalis",0,0.1809375
"2332","Mimosa_ophthalmocentra",0,0.0750808510638298
"2333","Mimosa_orthocarpa",0,0.208782051282051
"2334","Mimosa_paludosa",0,0.101051020408163
"2335","Mimosa_pigra",0,0.181170126170126
"2336","Mimosa_pigra",1,0.0549211998756591
"2337","Mimosa_polyantha",0,0.186537931034483
"2338","Mimosa_polycarpa",0,0.11040074906367
"2339","Mimosa_polydactyla",0,0.310013422818792
"2340","Mimosa_polydactyla",1,0.107
"2341","Mimosa_pteridifolia",0,0.0721986754966887
"2342","Mimosa_pudica",0,0.257600582029831
"2343","Mimosa_pudica",1,0.325515477792732
"2344","Mimosa_quadrivalvis",0,0.0495459873760143
"2345","Mimosa_quadrivalvis",1,0.368
"2346","Mimosa_rubicaulis",0,0.464322580645161
"2347","Mimosa_scabrella",0,0.122296442687747
"2348","Mimosa_scabrella",1,0.337
"2349","Mimosa_schleidenii",0,0.10975
"2350","Mimosa_sensibilis",0,0.108955752212389
"2351","Mimosa_sensitiva",0,0.10774328358209
"2352","Mimosa_skinneri",0,0.118391143911439
"2353","Mimosa_somnians",0,0.131375912408759
"2354","Mimosa_strigillosa",0,0.0392349570200574
"2355","Mimosa_strigillosa",1,0.029
"2356","Mimosa_tenuiflora",0,0.102649851632047
"2357","Mimosa_tricephala",0,0.16722625698324
"2358","Mimosa_tricephala",1,0.114
"2359","Mimosa_ulbrichiana",0,0.074
"2360","Mimosa_uliginosa",0,0.0462142857142857
"2361","Mimosa_ursina",0,0.087563829787234
"2362","Mimosa_velloziana",0,0.132446483180428
"2363","Mimosa_verrucosa",0,0.0737615894039735
"2364","Mimosa_xanthocentra",0,0.132178851174935
"2365","Mimozyganthus_carinatus",0,0.1105
"2366","Mirbelia_dilatata",0,0.053
"2367","Mirbelia_floribunda",0,0.053
"2368","Mirbelia_ovata",0,0.053
"2369","Mirbelia_pungens",0,0.0377391304347826
"2370","Mirbelia_ramulosa",0,0.0517877551020408
"2371","Mirbelia_spinosa",0,0.053
"2372","Moldenhawera_floribunda",0,0.074
"2373","Monopteryx_inpae",0,0.10948275862069
"2374","Mora_excelsa",0,0.124
"2375","Moullava_spicata",0,0.701
"2376","Mucuna_birdwoodiana",0,0.437969696969697
"2377","Mucuna_bracteata",0,0.516111111111111
"2378","Mucuna_coriacea",0,0.13375
"2379","Mucuna_gigantea",0,0.108410423452769
"2380","Mucuna_gigantea",1,0.0315
"2381","Mucuna_hainanensis",0,0.365333333333333
"2382","Mucuna_rostrata",0,0.373302469135803
"2383","Mucuna_sempervirens",0,0.537854545454545
"2384","Mucuna_sempervirens",1,0.056
"2385","Mucuna_urens",0,0.162911627906977
"2386","Muelleranthus_trifoliolatus",0,0.0505975609756098
"2387","Mundulea_sericea",0,0.122397146254459
"2388","Myrocarpus_fastigiatus",0,0.0931538461538461
"2389","Myroxylon_peruiferum",0,0.1611330472103
"2390","Neorautanenia_ficifolia",0,0.048625
"2391","Neorautanenia_mitis",0,0.109888586956522
"2392","Neptunia_gracilis",0,0.0344789128397376
"2393","Neptunia_lutea",0,0.0358840206185567
"2394","Neptunia_monosperma",0,0.0264816176470588
"2395","Neptunia_plena",0,0.153101045296167
"2396","Neptunia_plena",1,0.364793103448276
"2397","Neptunia_pubescens",0,0.0554088729016786
"2398","Neptunia_pubescens",1,0.114
"2399","Newtonia_buchananii",0,0.220902097902098
"2400","Nissolia_fruticosa",0,0.16930027173913
"2401","Nissolia_schottii",0,0.0918623188405797
"2402","Ohwia_caudata",0,0.364346007604563
"2403","Olneya_tesota",0,0.0523775689958897
"2404","Onobrychis_arenaria",0,0.0803421581769437
"2405","Onobrychis_biebersteinii",0,0.160225352112676
"2406","Onobrychis_conferta",0,0.152002450980392
"2407","Onobrychis_cornuta",0,0.434007042253521
"2408","Onobrychis_cyri",0,0.193846153846154
"2409","Onobrychis_humilis",0,0.140560747663551
"2410","Onobrychis_pallasii",0,0.047
"2411","Onobrychis_petraea",0,0.153341463414634
"2412","Onobrychis_transcaucasica",0,0.25109375
"2413","Onobrychis_viciifolia",0,0.101182488038279
"2414","Onobrychis_viciifolia",1,0.0849003786395091
"2415","Ononis_alopecuroides",0,0.12014406779661
"2416","Ononis_alopecuroides",1,0.0435714285714286
"2417","Ononis_cristata",0,0.128604040404041
"2418","Ononis_fruticosa",0,0.136761058981233
"2419","Ononis_mitissima",0,0.128038880248834
"2420","Ononis_natrix",0,0.123718027439317
"2421","Ononis_pusilla",0,0.130419153553989
"2422","Ononis_pusilla",1,0.04
"2423","Ononis_reclinata",0,0.127093962008141
"2424","Ononis_rotundifolia",0,0.114653153153153
"2425","Ononis_serrata",0,0.0882512077294686
"2426","Ononis_spinosa",0,0.0936675349014496
"2427","Ononis_spinosa",1,0.0375428571428571
"2428","Ononis_variegata",0,0.130853333333333
"2429","Ononis_viscosa",0,0.136084863837872
"2430","Ophrestia_oblongifolia",0,0.0465074626865672
"2431","Ophrestia_radicosa",0,0.223926829268293
"2432","Ormocarpum_cochinchinense",0,0.312693548387097
"2433","Ormocarpum_cochinchinense",1,0.0714
"2434","Ormocarpum_kirkii",0,0.18464
"2435","Ormocarpum_sennoides",0,0.0833568281938326
"2436","Ormocarpum_sennoides",1,0.179857142857143
"2437","Ormocarpum_trichocarpum",0,0.10737556561086
"2438","Ormosia_arborea",0,0.124484536082474
"2439","Ormosia_coarctata",0,0.313043956043956
"2440","Ormosia_coccinea",0,0.35840625
"2441","Ormosia_costulata",0,0.0964516129032258
"2442","Ormosia_coutinhoi",0,0.110186666666667
"2443","Ormosia_discolor",0,0.54109756097561
"2444","Ormosia_emarginata",0,0.4335
"2445","Ormosia_excelsa",0,0.116672413793103
"2446","Ormosia_fastigiata",0,0.117551724137931
"2447","Ormosia_flava",0,0.119244444444444
"2448","Ormosia_grossa",0,0.125
"2449","Ormosia_henryi",0,0.444012048192771
"2450","Ormosia_krugii",0,0.0709454545454546
"2451","Ormosia_macrocalyx",0,0.251793103448276
"2452","Ormosia_monosperma",0,0.102272727272727
"2453","Ormosia_nobilis",0,0.471329268292683
"2454","Ormosia_paraensis",0,0.330146341463415
"2455","Ormosia_pinnata",0,0.3449375
"2456","Ormosia_semicastrata",0,0.401078125
"2457","Ormosia_smithii",0,0.125
"2458","Ormosia_sumatrana",0,0.385073170731707
"2459","Ormosia_xylocarpa",0,0.409016393442623
"2460","Ornithopus_compressus",0,0.122058319262241
"2461","Ornithopus_compressus",1,0.0398219178082192
"2462","Ornithopus_perpusillus",0,0.0711295490289302
"2463","Ornithopus_perpusillus",1,0.0190792079207921
"2464","Ornithopus_pinnatus",0,0.106064663023679
"2465","Ornithopus_pinnatus",1,0.0263333333333333
"2466","Ornithopus_sativus",0,0.12119820971867
"2467","Ornithopus_sativus",1,0.0923160733549083
"2468","Otoptera_burchellii",0,0.0837821782178218
"2469","Oxylobium_ellipticum",0,0.0230011273957159
"2470","Oxylobium_robustum",0,0.0386651376146789
"2471","Oxyrhynchus_volubilis",0,0.13675
"2472","Oxytropis_anertii",0,0.096375
"2473","Oxytropis_arctica",0,0.0180775510204082
"2474","Oxytropis_campanulata",0,0.0344161220043573
"2475","Oxytropis_campestris",0,0.0841934396764773
"2476","Oxytropis_deflexa",0,0.0256462745098039
"2477","Oxytropis_glabra",0,0.187856304985337
"2478","Oxytropis_glabra",1,0.0523809523809524
"2479","Oxytropis_halleri",0,0.100108219178082
"2480","Oxytropis_kansuensis",0,0.357702702702703
"2481","Oxytropis_lambertii",0,0.0218777676675766
"2482","Oxytropis_lapponica",0,0.0913212221304706
"2483","Oxytropis_leucantha",0,0.0194548286604361
"2484","Oxytropis_maydelliana",0,0.0150575539568345
"2485","Oxytropis_melanocalyx",0,0.291904761904762
"2486","Oxytropis_mollis",0,0.435967391304348
"2487","Oxytropis_neglecta",0,0.134321976149915
"2488","Oxytropis_oreophila",0,0.0284794520547945
"2489","Oxytropis_pilosa",0,0.0739671574178936
"2490","Oxytropis_scammaniana",0,0.0124125874125874
"2491","Oxytropis_sericea",0,0.0280227817745803
"2492","Oxytropis_spicata",0,0.0605245901639344
"2493","Oxytropis_splendens",0,0.0202375690607735
"2494","Pachyrhizus_erosus",0,0.157314285714286
"2495","Pachyrhizus_erosus",1,0.323351598173516
"2496","Pachyrhizus_ferrugineus",0,0.137360576923077
"2497","Pachyrhizus_tuberosus",0,0.442896551724138
"2498","Pachyrhizus_tuberosus",1,0.1535
"2499","Paramachaerium_ormosioides",0,0.0973076923076923
"2500","Parapiptadenia_excelsa",0,0.145315789473684
"2501","Parapiptadenia_pterosperma",0,0.141126582278481
"2502","Parapiptadenia_rigida",0,0.113815573770492
"2503","Paraserianthes_lophantha",0,0.0689148936170213
"2504","Paraserianthes_lophantha",1,0.117173261390888
"2505","Parkia_decussata",0,0.119057142857143
"2506","Parkia_discolor",0,0.420540983606558
"2507","Parkia_filicoidea",0,0.162078534031414
"2508","Parkia_gigantocarpa",0,0.124
"2509","Parkia_igneiflora",0,0.52335593220339
"2510","Parkia_multijuga",0,0.491726851851852
"2511","Parkia_nitida",0,0.322973941368078
"2512","Parkia_pendula",0,0.261506203473946
"2513","Parkia_platycephala",0,0.087527027027027
"2514","Parkia_speciosa",0,0.404612403100775
"2515","Parkia_timoriana",0,0.371083333333333
"2516","Parkia_timoriana",1,0.72
"2517","Parkia_ulei",0,0.108720930232558
"2518","Parkia_velutina",0,0.493728682170543
"2519","Parkinsonia_aculeata",0,0.0773339719029376
"2520","Parkinsonia_aculeata",1,0.0526687252281338
"2521","Parkinsonia_africana",0,0.145233695652174
"2522","Parochetus_communis",0,0.537460714285714
"2523","Parochetus_communis",1,0.0122758620689655
"2524","Parryella_filifolia",0,0.0272099447513812
"2525","Pearsonia_aristata",0,0.0550116279069767
"2526","Pearsonia_cajanifolia",0,0.0423119266055046
"2527","Pearsonia_grandifolia",0,0.0621857142857143
"2528","Pearsonia_sessilifolia",0,0.0461647509578544
"2529","Pediomelum_subacaule",0,0.0722832369942197
"2530","Peltogyne_catingae",0,0.467837209302326
"2531","Peltogyne_gracilipes",0,0.125
"2532","Peltogyne_paniculata",0,0.386502857142857
"2533","Peltogyne_venosa",0,0.172268817204301
"2534","Peltophorum_africanum",0,0.0999305354558611
"2535","Peltophorum_africanum",1,0.231
"2536","Peltophorum_dubium",0,0.110173370319001
"2537","Peltophorum_dubium",1,0.254
"2538","Peltophorum_pterocarpum",0,0.278967105263158
"2539","Peltophorum_pterocarpum",1,0.458643652561247
"2540","Pentaclethra_macroloba",0,0.277512562814071
"2541","Pentaclethra_macroloba",1,0.198
"2542","Periandra_coccinea",0,0.0803743169398908
"2543","Periandra_mediterranea",0,0.0980960929250265
"2544","Pericopsis_angolensis",0,0.232108527131783
"2545","Pericopsis_elata",0,0.122958333333333
"2546","Pericopsis_mooniana",0,0.461096774193548
"2547","Petalostylis_labicheoides",0,0.0364659090909091
"2548","Phaseolus_acutifolius",0,0.0954657375145182
"2549","Phaseolus_coccineus",0,0.174066803278689
"2550","Phaseolus_coccineus",1,0.403145539906103
"2551","Phaseolus_filiformis",0,0.0936198439241918
"2552","Phaseolus_glabellus",0,0.1512
"2553","Phaseolus_lunatus",0,0.251171407731582
"2554","Phaseolus_lunatus",1,0.208719378427788
"2555","Phaseolus_maculatus",0,0.0992239583333333
"2556","Phaseolus_parvulus",0,0.0882877358490567
"2557","Phaseolus_pedicellatus",0,0.0985231092436974
"2558","Phaseolus_polystachios",0,0.0417565597667638
"2559","Phaseolus_vulgaris",0,0.166060292164675
"2560","Phaseolus_vulgaris",1,0.364423816060398
"2561","Phyllodium_elegans",0,0.415711340206186
"2562","Phyllodium_pulchellum",0,0.345762393162393
"2563","Phyllota_barbata",0,0.053
"2564","Phyllota_phylicoides",0,0.0368938848920863
"2565","Phyllota_pleurandroides",0,0.0145434173669468
"2566","Phyllota_remota",0,0.0142083333333333
"2567","Pickeringia_montana",0,0.0469323383084578
"2568","Piliostigma_malabaricum",0,0.117105740181269
"2569","Piptadenia_adiantoides",0,0.120980769230769
"2570","Piptadenia_gonoacantha",0,0.139856624319419
"2571","Piptadenia_paniculata",0,0.131433070866142
"2572","Piptanthus_nepalensis",0,0.532382222222222
"2573","Piscidia_grandifolia",0,0.185462765957447
"2574","Piscidia_piscipula",0,0.127463035019455
"2575","Piscidia_piscipula",1,0.032
"2576","Pithecellobium_diversifolium",0,0.074
"2577","Pithecellobium_dulce",0,0.29550339805825
"2578","Pithecellobium_dulce",1,0.245961737331955
"2579","Pithecellobium_lanceolatum",0,0.272815810276682
"2580","Pithecellobium_unguis-cati",0,0.204024667931689
"2581","Pithecellobium_unguis-cati",1,0.233125
"2582","Platycyamus_regnellii",0,0.137540540540541
"2583","Platylobium_formosum",0,0.0364944382647386
"2584","Platylobium_obtusangulum",0,0.0153889997150185
"2585","Platymiscium_floribundum",0,0.0937909604519773
"2586","Platymiscium_pinnatum",0,0.658962589928058
"2587","Platymiscium_stipulare",0,0.46470652173913
"2588","Platymiscium_trinitatis",0,0.163346153846154
"2589","Platypodium_elegans",0,0.1886875
"2590","Podalyria_biflora",0,0.23
"2591","Podalyria_burchellii",0,0.222709359605911
"2592","Podalyria_calyptrata",0,0.23
"2593","Podalyria_cordata",0,0.23
"2594","Podalyria_myrtillifolia",0,0.23
"2595","Podalyria_sericea",0,0.23
"2596","Podalyria_sericea",1,0.0328717948717949
"2597","Podolobium_ilicifolium",0,0.0358380314232902
"2598","Poecilanthe_falcata",0,0.1269375
"2599","Poecilanthe_parviflora",0,0.119636363636364
"2600","Poecilanthe_ulei",0,0.074
"2601","Poiretia_punctata",0,0.171040178571429
"2602","Poitea_punicea",0,0.025
"2603","Pongamia_pinnata",0,0.378938909090909
"2604","Pongamia_pinnata",1,0.044030303030303
"2605","Prosopis_affinis",0,0.0748857142857143
"2606","Prosopis_africana",0,0.050423789907312
"2607","Prosopis_alba",0,0.0774496314496316
"2608","Prosopis_articulata",0,0.119
"2609","Prosopis_chilensis",0,0.10932
"2610","Prosopis_chilensis",1,0.369304347826087
"2611","Prosopis_cineraria",0,0.393114754098361
"2612","Prosopis_farcta",0,0.173736625514403
"2613","Prosopis_ferox",0,0.104220338983051
"2614","Prosopis_flexuosa",0,0.0680734693877551
"2615","Prosopis_glandulosa",0,0.0497216254086879
"2616","Prosopis_glandulosa",1,0.172348066298342
"2617","Prosopis_juliflora",0,0.499044642857144
"2618","Prosopis_juliflora",1,0.514552901023891
"2619","Prosopis_kuntzei",0,0.0743406593406593
"2620","Prosopis_laevigata",0,0.170554185022026
"2621","Prosopis_nigra",0,0.067983606557377
"2622","Prosopis_pallida",0,0.416883720930233
"2623","Prosopis_pallida",1,0.0235657327586207
"2624","Prosopis_pubescens",0,0.0543529411764704
"2625","Prosopis_pubescens",1,0.23
"2626","Prosopis_ruscifolia",0,0.0815299145299145
"2627","Prosopis_tamarugo",0,0.085
"2628","Prosopis_velutina",0,0.034604004449388
"2629","Prosopis_velutina",1,0.116973684210526
"2630","Pseudarthria_hookeri",0,0.10036385255648
"2631","Pseudarthria_viscida",0,0.306979166666667
"2632","Pseudopiptadenia_contorta",0,0.122253333333333
"2633","Pseudopiptadenia_psilostachya",0,0.173421052631579
"2634","Pseudovigna_argentea",0,0.058547619047619
"2635","Psophocarpus_lancifolius",0,0.189457142857143
"2636","Psophocarpus_palustris",0,0.0687261904761905
"2637","Psophocarpus_scandens",0,0.16793006993007
"2638","Psophocarpus_scandens",1,0.195
"2639","Psophocarpus_tetragonolobus",1,0.515324137931034
"2640","Psoralea_aculeata",0,0.23
"2641","Psoralea_affinis",0,0.23
"2642","Psoralea_alata",0,0.23
"2643","Psoralea_aphylla",0,0.23
"2644","Psoralea_asarina",0,0.23
"2645","Psoralea_ensifolia",0,0.23
"2646","Psoralea_imbricata",0,0.23
"2647","Psoralea_laxa",0,0.23
"2648","Psoralea_monophylla",0,0.23
"2649","Psoralea_oligophylla",0,0.23
"2650","Psoralea_pinnata",0,0.23
"2651","Psoralea_pinnata",1,0.0258108108108108
"2652","Psoralea_repens",0,0.23
"2653","Psoralea_restioides",0,0.23
"2654","Psoralea_verrucosa",0,0.23
"2655","Psorothamnus_arborescens",0,0.0415685534591195
"2656","Psorothamnus_emoryi",0,0.0628240819812124
"2657","Psorothamnus_fremontii",0,0.032355871886121
"2658","Psorothamnus_schottii",0,0.0469393939393939
"2659","Psorothamnus_scoparius",0,0.0501326164874551
"2660","Psorothamnus_spinosus",0,0.0476800327332242
"2661","Pterocarpus_acapulcensis",0,0.600532710280374
"2662","Pterocarpus_amazonum",0,0.286832558139535
"2663","Pterocarpus_angolensis",0,0.178966153846154
"2664","Pterocarpus_indicus",0,0.440832904884319
"2665","Pterocarpus_indicus",1,0.0559032258064516
"2666","Pterocarpus_macrocarpus",0,0.445026106696935
"2667","Pterocarpus_macrocarpus",1,0.025
"2668","Pterocarpus_marsupium",0,0.676890909090909
"2669","Pterocarpus_marsupium",1,0.198
"2670","Pterocarpus_officinalis",0,0.370816425120773
"2671","Pterocarpus_osun",0,0.226139534883721
"2672","Pterocarpus_rohrii",0,0.237506550218341
"2673","Pterocarpus_rohrii",1,0.198
"2674","Pterocarpus_rotundifolius",0,0.133009375
"2675","Pterocarpus_santalinoides",0,0.0971243432574433
"2676","Pterocarpus_santalinus",0,0.701
"2677","Pterocarpus_soyauxii",0,0.0894481605351171
"2678","Pterodon_abruptus",0,0.0774190476190476
"2679","Pterodon_emarginatus",0,0.096345205479452
"2680","Pterogyne_nitens",0,0.112271247739602
"2681","Pterolobium_stellatum",0,0.15506015037594
"2682","Ptycholobium_biflorum",0,0.116896774193548
"2683","Ptycholobium_contortum",0,0.065984126984127
"2684","Ptycholobium_plicatum",0,0.056046511627907
"2685","Pueraria_montana",0,0.165272325375774
"2686","Pueraria_montana",1,0.0607164390014131
"2687","Pultenaea_acerosa",0,0.0140315789473684
"2688","Pultenaea_altissima",0,0.0346047619047619
"2689","Pultenaea_blakelyi",0,0.0351911764705882
"2690","Pultenaea_capitellata",0,0.0310375939849624
"2691","Pultenaea_daphnoides",0,0.0217720317644781
"2692","Pultenaea_daphnoides",1,0.0226666666666667
"2693","Pultenaea_densifolia",0,0.0141702127659574
"2694","Pultenaea_flexilis",0,0.0363304721030043
"2695","Pultenaea_foliolosa",0,0.0334594594594595
"2696","Pultenaea_involucrata",0,0.014
"2697","Pultenaea_largiflorens",0,0.0162063971031985
"2698","Pultenaea_laxiflora",0,0.0165796105383734
"2699","Pultenaea_microphylla",0,0.0362748710390567
"2700","Pultenaea_myrtoides",0,0.0377051282051282
"2701","Pultenaea_ochreata",0,0.053
"2702","Pultenaea_paleacea",0,0.0368465703971119
"2703","Pultenaea_procumbens",0,0.0332307692307693
"2704","Pultenaea_reticulata",0,0.053
"2705","Pultenaea_retusa",0,0.0323553038105047
"2706","Pultenaea_scabra",0,0.0240842673308426
"2707","Pultenaea_stipularis",0,0.036
"2708","Pultenaea_tenuifolia",0,0.0148563176895307
"2709","Pultenaea_verruculosa",0,0.053
"2710","Pultenaea_villosa",0,0.037183
"2711","Pycnospora_lutescens",0,0.149630841121495
"2712","Rafnia_amplexicaulis",0,0.23
"2713","Rafnia_angulata",0,0.23
"2714","Rafnia_capensis",0,0.23
"2715","Rafnia_crassifolia",0,0.23
"2716","Rafnia_diffusa",0,0.23
"2717","Rafnia_elliptica",0,0.217666666666667
"2718","Rafnia_racemosa",0,0.23
"2719","Rafnia_triflora",0,0.227430555555556
"2720","Ramirezella_strobilophora",0,0.210068965517241
"2721","Requienia_sphaerosperma",0,0.123238095238095
"2722","Retama_monosperma",0,0.14646835443038
"2723","Retama_monosperma",1,0.364
"2724","Retama_raetam",0,0.0780462962962962
"2725","Retama_raetam",1,0.0231913043478261
"2726","Retama_sphaerocarpa",0,0.150360276842975
"2727","Rhynchosia_acuminatissima",0,0.129310975609756
"2728","Rhynchosia_adenodes",0,0.10575572519084
"2729","Rhynchosia_albissima",0,0.105935483870968
"2730","Rhynchosia_angulosa",0,0.0421428571428571
"2731","Rhynchosia_aurea",0,0.701
"2732","Rhynchosia_capensis",0,0.23
"2733","Rhynchosia_caribaea",0,0.118856031128405
"2734","Rhynchosia_caribaea",1,0.153
"2735","Rhynchosia_ciliata",0,0.23
"2736","Rhynchosia_clivorum",0,0.164
"2737","Rhynchosia_cooperi",0,0.0592307692307692
"2738","Rhynchosia_densiflora",0,0.124464705882353
"2739","Rhynchosia_diversifolia",0,0.0777972972972973
"2740","Rhynchosia_fleckii",0,0.047078431372549
"2741","Rhynchosia_himalensis",0,0.65246052631579
"2742","Rhynchosia_hirsuta",0,0.0957142857142857
"2743","Rhynchosia_holosericea",0,0.0980263157894737
"2744","Rhynchosia_insignis",0,0.3125625
"2745","Rhynchosia_luteola",0,0.247259259259259
"2746","Rhynchosia_minima",0,0.107659524606629
"2747","Rhynchosia_minima",1,0.0266
"2748","Rhynchosia_monophylla",0,0.0714166666666667
"2749","Rhynchosia_nervosa",0,0.0572589928057554
"2750","Rhynchosia_nitens",0,0.0427910447761194
"2751","Rhynchosia_nyasica",0,0.0717887323943662
"2752","Rhynchosia_pentheri",0,0.0719166666666667
"2753","Rhynchosia_phaseoloides",0,0.15932476635514
"2754","Rhynchosia_procurrens",0,0.25978
"2755","Rhynchosia_pyramidalis",0,0.167433566433566
"2756","Rhynchosia_reniformis",0,0.0448761904761904
"2757","Rhynchosia_reptabunda",0,0.0767808219178082
"2758","Rhynchosia_resinosa",0,0.176564814814815
"2759","Rhynchosia_reticulata",0,0.222457700650759
"2760","Rhynchosia_rothii",0,0.420382352941176
"2761","Rhynchosia_rufescens",0,0.569757575757576
"2762","Rhynchosia_senna",0,0.0550241730279898
"2763","Rhynchosia_sordida",0,0.096632183908046
"2764","Rhynchosia_sublobata",0,0.120328530259366
"2765","Rhynchosia_tomentosa",0,0.0527906137184116
"2766","Rhynchosia_totta",0,0.105649371069182
"2767","Rhynchosia_velutina",0,0.1995
"2768","Rhynchosia_villosa",0,0.0669393939393939
"2769","Rhynchosia_volubilis",0,0.219082152974504
"2770","Riedeliella_graciliflora",0,0.0739886363636364
"2771","Robinia_hispida",0,0.0477156862745098
"2772","Robinia_hispida",1,0.0941347305389222
"2773","Robinia_pseudoacacia",0,0.0376595298068849
"2774","Robinia_pseudoacacia",1,0.0942398703212492
"2775","Robinia_viscosa",0,0.0441666666666667
"2776","Robinia_viscosa",1,0.0725284552845528
"2777","Rothia_hirsuta",0,0.1425
"2778","Rothia_indica",0,0.121802816901409
"2779","Samanea_inopinata",0,0.0978928571428571
"2780","Saraca_asoca",0,0.68669298245614
"2781","Saraca_asoca",1,0.507
"2782","Schizolobium_parahyba",0,0.328555244755245
"2783","Schizolobium_parahyba",1,0.26275
"2784","Schleinitzia_insularum",0,0.0494
"2785","Schotia_brachypetala",0,0.0815343137254903
"2786","Schotia_brachypetala",1,0.0444636363636364
"2787","Schotia_capitata",0,0.130594202898551
"2788","Schotia_latifolia",0,0.218670050761421
"2789","Schotia_latifolia",1,0.06
"2790","Scorodophloeus_zenkeri",0,0.0912385964912281
"2791","Scorpiurus_muricatus",0,0.138537652965172
"2792","Scorpiurus_muricatus",1,0.0327777777777778
"2793","Scorpiurus_vermiculatus",0,0.128615877080666
"2794","Senna_aculeata",0,0.256559139784946
"2795","Senna_aculeata",1,0.218
"2796","Senna_alexandrina",0,0.24016
"2797","Senna_alexandrina",1,0.124311111111111
"2798","Senna_aphylla",0,0.0660629921259842
"2799","Senna_appendiculata",0,0.116
"2800","Senna_auriculata",0,0.67884347826087
"2801","Senna_auriculata",1,0.186923076923077
"2802","Senna_aversiflora",0,0.074
"2803","Senna_bacillaris",0,0.560504761904763
"2804","Senna_bacillaris",1,0.164764705882353
"2805","Senna_barclayana",0,0.0383826923076923
"2806","Senna_barclayana",1,0.0273333333333333
"2807","Senna_bauhinioides",0,0.0601854714064916
"2808","Senna_bicapsularis",0,0.427243902439024
"2809","Senna_bicapsularis",1,0.175117021276596
"2810","Senna_cana",0,0.093892523364486
"2811","Senna_candolleana",0,0.112
"2812","Senna_chrysocarpa",0,0.0970419161676647
"2813","Senna_corymbosa",0,0.0758034934497816
"2814","Senna_corymbosa",1,0.06701
"2815","Senna_covesii",0,0.0431585807385951
"2816","Senna_cumingii",0,0.100317307692308
"2817","Senna_didymobotrya",0,0.192960508701472
"2818","Senna_didymobotrya",1,0.149252380952381
"2819","Senna_floribunda",0,0.161381818181818
"2820","Senna_floribunda",1,0.0499230769230769
"2821","Senna_fruticosa",0,0.211089189189189
"2822","Senna_fruticosa",1,0.657758064516129
"2823","Senna_gardneri",0,0.0846056338028169
"2824","Senna_holosericea",0,0.212904761904762
"2825","Senna_italica",0,0.110476343223737
"2826","Senna_italica",1,0.18755
"2827","Senna_latifolia",0,0.165556053811659
"2828","Senna_lindheimeriana",0,0.058898905344495
"2829","Senna_marilandica",0,0.0472118126272913
"2830","Senna_multiglandulosa",0,0.275231354642313
"2831","Senna_multiglandulosa",1,0.0659295774647887
"2832","Senna_multijuga",0,0.171445608380338
"2833","Senna_multijuga",1,0.204142857142857
"2834","Senna_nitida",0,0.0273809523809524
"2835","Senna_obtusifolia",0,0.207952624839949
"2836","Senna_obtusifolia",1,0.103693632075471
"2837","Senna_occidentalis",0,0.177749758919962
"2838","Senna_occidentalis",1,0.199946133128126
"2839","Senna_oxyphylla",0,0.407538461538462
"2840","Senna_pallida",0,0.176205221615057
"2841","Senna_pallida",1,0.636333333333333
"2842","Senna_pendula",0,0.154336344683809
"2843","Senna_pendula",1,0.0377604017216643
"2844","Senna_petersiana",0,0.15957183908046
"2845","Senna_pilifera",0,0.128934328358209
"2846","Senna_pinheiroi",0,0.074
"2847","Senna_polyantha",0,0.187931818181818
"2848","Senna_quinquangulata",0,0.190631487889273
"2849","Senna_racemosa",0,0.151280898876405
"2850","Senna_reniformis",0,0.145900662251656
"2851","Senna_reticulata",0,0.348935849056604
"2852","Senna_septemtrionalis",0,0.1575
"2853","Senna_septemtrionalis",1,0.0993045136681497
"2854","Senna_silvestris",0,0.210921409214092
"2855","Senna_singueana",0,0.16625
"2856","Senna_sophera",0,0.138222222222222
"2857","Senna_sophera",1,0.272402564102564
"2858","Senna_spectabilis",0,0.309716615698267
"2859","Senna_spectabilis",1,0.231548705302096
"2860","Senna_splendida",0,0.0983996062992127
"2861","Senna_sulfurea",0,0.211978723404255
"2862","Senna_sulfurea",1,0.3585
"2863","Senna_surattensis",0,0.679875
"2864","Senna_surattensis",1,0.283231213872832
"2865","Senna_tapajozensis",0,0.123281553398058
"2866","Senna_tora",0,0.0536666666666667
"2867","Senna_tora",1,0.362648123620309
"2868","Senna_uniflora",0,0.147745217391304
"2869","Senna_uniflora",1,0.683405405405405
"2870","Senna_velutina",0,0.0970840579710145
"2871","Senna_wislizeni",0,0.155643693107932
"2872","Sesbania_benthamiana",0,0.0346186440677966
"2873","Sesbania_bispinosa",0,0.307364406779661
"2874","Sesbania_bispinosa",1,0.0549166666666667
"2875","Sesbania_cannabina",0,0.0332636518771331
"2876","Sesbania_cannabina",1,0.145458797327394
"2877","Sesbania_cinerascens",0,0.129382978723404
"2878","Sesbania_drummondii",0,0.0402238675958188
"2879","Sesbania_erubescens",0,0.0416219512195122
"2880","Sesbania_exasperata",0,0.180837104072398
"2881","Sesbania_formosa",0,0.0378227848101266
"2882","Sesbania_formosa",1,0.043
"2883","Sesbania_goetzei",0,0.1906
"2884","Sesbania_grandiflora",0,0.371769230769231
"2885","Sesbania_grandiflora",1,0.422596273291925
"2886","Sesbania_greenwayi",0,0.202291666666667
"2887","Sesbania_herbacea",0,0.0775786015954952
"2888","Sesbania_herbacea",1,0.107804054054054
"2889","Sesbania_javanica",0,0.4133125
"2890","Sesbania_leptocarpa",0,0.0911990950226244
"2891","Sesbania_longifolia",0,0.23404347826087
"2892","Sesbania_macrantha",0,0.177964071856287
"2893","Sesbania_microphylla",0,0.238163636363636
"2894","Sesbania_pachycarpa",0,0.0773909090909091
"2895","Sesbania_punicea",0,0.0888049535603715
"2896","Sesbania_punicea",1,0.0884975074775673
"2897","Sesbania_rostrata",0,0.10642735042735
"2898","Sesbania_sericea",0,0.0552149532710281
"2899","Sesbania_sericea",1,0.182259259259259
"2900","Sesbania_sesban",0,0.149441333333333
"2901","Sesbania_sesban",1,0.194089743589744
"2902","Sesbania_tomentosa",0,0.032
"2903","Sesbania_virgata",0,0.085036
"2904","Sesbania_virgata",1,0.077125
"2905","Shuteria_involucrata",0,0.66696875
"2906","Sindora_siamensis",0,0.494724637681159
"2907","Smithia_ciliata",0,0.466049019607843
"2908","Smithia_conferta",0,0.225088888888889
"2909","Smithia_erubescens",0,0.0561578947368421
"2910","Smithia_sensitiva",0,0.370893617021276
"2911","Sophora_albescens",0,0.67
"2912","Sophora_alopecuroides",0,0.328922666666667
"2913","Sophora_alopecuroides",1,0.032
"2914","Sophora_chrysophylla",0,0.032
"2915","Sophora_flavescens",0,0.159249132947978
"2916","Sophora_inhambanensis",0,0.143681818181818
"2917","Sophora_microphylla",0,0.0153655984303467
"2918","Sophora_mollis",0,0.441613636363636
"2919","Sophora_moorcroftiana",0,0.3374
"2920","Sophora_nuttalliana",0,0.0243918191603875
"2921","Sophora_prostrata",0,0.013
"2922","Sophora_tetraptera",0,0.011
"2923","Sophora_tomentosa",0,0.105938775510204
"2924","Sophora_tomentosa",1,0.032
"2925","Sophora_velutina",0,0.640298701298701
"2926","Spartium_junceum",0,0.129669859792738
"2927","Spartium_junceum",1,0.105815743944636
"2928","Spatholobus_parviflorus",0,0.579927835051546
"2929","Sphaerolobium_alatum",0,0.053
"2930","Sphaerolobium_grandiflorum",0,0.053
"2931","Sphaerolobium_medium",0,0.053
"2932","Sphaerophysa_salsula",0,0.172993399339934
"2933","Sphaerophysa_salsula",1,0.0251267605633803
"2934","Sphenostylis_angustifolia",0,0.0431673306772908
"2935","Sphenostylis_marginata",0,0.0680172413793103
"2936","Sphenostylis_stenocarpa",0,0.159557971014493
"2937","Strongylodon_lucidus",0,0.336184782608696
"2938","Strongylodon_macrobotrys",0,0.72
"2939","Strongylodon_macrobotrys",1,0.549
"2940","Strophostyles_leiosperma",0,0.0226348314606742
"2941","Strophostyles_umbellata",0,0.0511463614063778
"2942","Stryphnodendron_adstringens",0,0.109454909819639
"2943","Stryphnodendron_guianense",0,0.201634146341463
"2944","Stryphnodendron_microstachyum",0,0.29425
"2945","Stryphnodendron_polystachyum",0,0.202027777777778
"2946","Stryphnodendron_pulcherrimum",0,0.125943589743589
"2947","Stryphnodendron_racemiferum",0,0.125
"2948","Stylosanthes_angustifolia",0,0.101721393034826
"2949","Stylosanthes_biflora",0,0.0458989280245023
"2950","Stylosanthes_bracteata",0,0.0950416666666667
"2951","Stylosanthes_calcicola",0,0.054375
"2952","Stylosanthes_capitata",0,0.0902490347490345
"2953","Stylosanthes_capitata",1,0.198
"2954","Stylosanthes_erecta",0,0.0425705705705706
"2955","Stylosanthes_fruticosa",0,0.105780133928571
"2956","Stylosanthes_guianensis",0,0.197896945010184
"2957","Stylosanthes_guianensis",1,0.153931034482759
"2958","Stylosanthes_hamata",0,0.323660436137072
"2959","Stylosanthes_hamata",1,0.0462938718662953
"2960","Stylosanthes_humilis",0,0.158756435643564
"2961","Stylosanthes_humilis",1,0.0613468559837729
"2962","Stylosanthes_leiocarpa",0,0.096
"2963","Stylosanthes_macrocarpa",0,0.248
"2964","Stylosanthes_macrocephala",0,0.0848402061855671
"2965","Stylosanthes_mexicana",0,0.163416666666667
"2966","Stylosanthes_montevidensis",0,0.0879874213836478
"2967","Stylosanthes_ruellioides",0,0.147415094339623
"2968","Stylosanthes_scabra",0,0.123782383419689
"2969","Stylosanthes_scabra",1,0.0402745664739884
"2970","Stylosanthes_sympodialis",0,0.246722222222222
"2971","Stylosanthes_viscosa",0,0.120709615384615
"2972","Stylosanthes_viscosa",1,0.0302
"2973","Styphnolobium_japonicum",0,0.40404011461318
"2974","Styphnolobium_japonicum",1,0.0550823892893923
"2975","Swainsona_burkittii",0,0.028462962962963
"2976","Swainsona_campylantha",0,0.0301407528641571
"2977","Swainsona_canescens",0,0.0317272727272727
"2978","Swainsona_fissimontana",0,0.0228411214953271
"2979","Swainsona_flavicarinata",0,0.0205118343195266
"2980","Swainsona_formosa",0,0.032510843373494
"2981","Swainsona_forrestii",0,0.053
"2982","Swainsona_galegifolia",0,0.0364424446944132
"2983","Swainsona_greyana",0,0.0323010380622838
"2984","Swainsona_incei",0,0.053
"2985","Swainsona_kingii",0,0.0519668874172185
"2986","Swainsona_leeana",0,0.0445217391304348
"2987","Swainsona_lessertiifolia",0,0.0150626349892009
"2988","Swainsona_maccullochiana",0,0.053
"2989","Swainsona_microphylla",0,0.0268956356736243
"2990","Swainsona_oroboides",0,0.0292897196261682
"2991","Swainsona_phacoides",0,0.0236659898477158
"2992","Swainsona_procumbens",0,0.0245720097640358
"2993","Swainsona_pterostylis",0,0.053
"2994","Swainsona_stipularis",0,0.017802110817942
"2995","Swainsona_swainsonioides",0,0.0313320079522863
"2996","Swartzia_acutifolia",0,0.1125
"2997","Swartzia_apetala",0,0.1
"2998","Swartzia_arborescens",0,0.337374689826303
"2999","Swartzia_auriculata",0,0.450516853932584
"3000","Swartzia_bahiensis",0,0.074
"3001","Swartzia_benthamiana",0,0.0982571428571429
"3002","Swartzia_corrugata",0,0.125
"3003","Swartzia_cuspidata",0,0.204
"3004","Swartzia_flaemingii",0,0.110776119402985
"3005","Swartzia_grandifolia",0,0.164352941176471
"3006","Swartzia_guianensis",0,0.08
"3007","Swartzia_laevicarpa",0,0.123823529411765
"3008","Swartzia_langsdorffii",0,0.151
"3009","Swartzia_latifolia",0,0.114309090909091
"3010","Swartzia_laurifolia",0,0.125
"3011","Swartzia_laxiflora",0,0.125
"3012","Swartzia_leptopetala",0,0.526277777777778
"3013","Swartzia_longistipitata",0,0.125
"3014","Swartzia_macrostachya",0,0.0884652406417112
"3015","Swartzia_myrtifolia",0,0.403443438914027
"3016","Swartzia_oblanceolata",0,0.108292682926829
"3017","Swartzia_panacoco",0,0.124700729927007
"3018","Swartzia_polyphylla",0,0.368742222222222
"3019","Swartzia_recurva",0,0.117862068965517
"3020","Swartzia_reticulata",0,0.121137931034483
"3021","Swartzia_schomburgkii",0,0.519957055214724
"3022","Swartzia_sericea",0,0.318544715447154
"3023","Swartzia_simplex",0,0.286888178913738
"3024","Swartzia_ulei",0,0.125
"3025","Sweetia_fruticosa",0,0.139396825396825
"3026","Tachigali_cavipes",0,0.594116666666667
"3027","Tachigali_paniculata",0,0.284964205816554
"3028","Tachigali_versicolor",0,0.1411
"3029","Tadehagi_triquetrum",0,0.500951690821256
"3030","Tamarindus_indica",0,0.180232558139535
"3031","Tamarindus_indica",1,0.189949555746633
"3032","Taralea_cordata",0,0.277258823529412
"3033","Taralea_oppositifolia",0,0.346228464419476
"3034","Taverniera_cuneifolia",0,0.32
"3035","Templetonia_retusa",0,0.0298021201413428
"3036","Templetonia_sulcata",0,0.053
"3037","Tephrosia_adunca",0,0.104590062111801
"3038","Tephrosia_aequilata",0,0.197309523809524
"3039","Tephrosia_brachyodon",0,0.0296181606519208
"3040","Tephrosia_bracteolata",0,0.0467124423963131
"3041","Tephrosia_burchellii",0,0.0889823008849557
"3042","Tephrosia_candida",0,0.568333333333333
"3043","Tephrosia_candida",1,0.224565517241379
"3044","Tephrosia_capensis",0,0.160631578947368
"3045","Tephrosia_cinerea",0,0.189923076923077
"3046","Tephrosia_cinerea",1,0.037
"3047","Tephrosia_cordata",0,0.0842592592592593
"3048","Tephrosia_dietrichiae",0,0.043
"3049","Tephrosia_dregeana",0,0.130952095808383
"3050","Tephrosia_elata",0,0.204210526315789
"3051","Tephrosia_elongata",0,0.0516318681318681
"3052","Tephrosia_filipes",0,0.0398539156626506
"3053","Tephrosia_flagellaris",0,0.043
"3054","Tephrosia_glomeruliflora",0,0.0645833333333333
"3055","Tephrosia_glomeruliflora",1,0.0402291666666667
"3056","Tephrosia_grandiflora",0,0.159768518518519
"3057","Tephrosia_grandiflora",1,0.0433150684931507
"3058","Tephrosia_juncea",0,0.0362682926829268
"3059","Tephrosia_linearis",0,0.101440459110473
"3060","Tephrosia_longipes",0,0.0792763157894737
"3061","Tephrosia_lupinifolia",0,0.0840212765957447
"3062","Tephrosia_macropoda",0,0.0441304347826087
"3063","Tephrosia_multijuga",0,0.0624395604395604
"3064","Tephrosia_natalensis",0,0.0442142857142857
"3065","Tephrosia_nitens",0,0.129957746478873
"3066","Tephrosia_noctiflora",0,0.143507042253521
"3067","Tephrosia_noctiflora",1,0.166986928104575
"3068","Tephrosia_obovata",0,0.114
"3069","Tephrosia_paniculata",0,0.197372549019608
"3070","Tephrosia_polystachya",0,0.0595609756097561
"3071","Tephrosia_pumila",0,0.186445497630332
"3072","Tephrosia_purpurea",0,0.21535033632287
"3073","Tephrosia_purpurea",1,0.0950731707317073
"3074","Tephrosia_remotiflora",0,0.0244962292609352
"3075","Tephrosia_reptans",0,0.198274509803922
"3076","Tephrosia_rhodesica",0,0.132784172661871
"3077","Tephrosia_rosea",0,0.0419301994301995
"3078","Tephrosia_rufula",0,0.042375
"3079","Tephrosia_semiglabra",0,0.0541216216216216
"3080","Tephrosia_senna",0,0.152413793103448
"3081","Tephrosia_senna",1,0.136
"3082","Tephrosia_sessiliflora",0,0.392168421052632
"3083","Tephrosia_shiluwanensis",0,0.0441940298507463
"3084","Tephrosia_sinapou",0,0.320863095238095
"3085","Tephrosia_sinapou",1,0.136
"3086","Tephrosia_sphaerospora",0,0.0226757246376812
"3087","Tephrosia_spicata",0,0.0585696517412935
"3088","Tephrosia_subtriflora",0,0.1684
"3089","Tephrosia_supina",0,0.0322786885245901
"3090","Tephrosia_uniflora",0,0.0796076233183856
"3091","Tephrosia_vestita",0,0.379636363636364
"3092","Tephrosia_vicioides",0,0.168728813559322
"3093","Tephrosia_villosa",0,0.260296511627907
"3094","Tephrosia_villosa",1,0.020169014084507
"3095","Tephrosia_virginiana",0,0.0363955735660848
"3096","Tephrosia_vogelii",0,0.172551971326165
"3097","Tephrosia_vogelii",1,0.365474747474747
"3098","Teramnus_labialis",0,0.180560902255639
"3099","Teramnus_labialis",1,0.0706
"3100","Teramnus_repens",0,0.201085714285714
"3101","Teramnus_uncinatus",0,0.200571056062581
"3102","Teramnus_volubilis",0,0.405285714285714
"3103","Tetraberlinia_bifoliolata",0,0.0736296296296296
"3104","Tetraberlinia_moreliana",0,0.0708076923076923
"3105","Thermopsis_barbata",0,0.480741935483871
"3106","Thermopsis_inflata",0,0.38246
"3107","Thermopsis_lanceolata",0,0.0722813688212929
"3108","Thermopsis_macrophylla",0,0.043
"3109","Thermopsis_montana",0,0.0260888717156105
"3110","Thermopsis_villosa",0,0.0597755102040816
"3111","Thermopsis_villosa",1,0.025
"3112","Tibetia_himalaica",0,0.414737373737374
"3113","Tipuana_tipu",0,0.106645283018868
"3114","Tipuana_tipu",1,0.130705209656925
"3115","Trifolium_affine",0,0.245590909090909
"3116","Trifolium_africanum",0,0.0701851851851852
"3117","Trifolium_albopurpureum",0,0.0426630109670987
"3118","Trifolium_alexandrinum",0,0.159895683453237
"3119","Trifolium_alexandrinum",1,0.123385395537525
"3120","Trifolium_alpestre",0,0.0953111794083755
"3121","Trifolium_alpinum",0,0.11153899378445
"3122","Trifolium_alpinum",1,0.093
"3123","Trifolium_amabile",0,0.189396739130434
"3124","Trifolium_ambiguum",0,0.119026315789474
"3125","Trifolium_ambiguum",1,0.036
"3126","Trifolium_angustifolium",0,0.11520545308741
"3127","Trifolium_angustifolium",1,0.0395157280568244
"3128","Trifolium_argutum",0,0.148279176201373
"3129","Trifolium_arvense",0,0.0952115442607658
"3130","Trifolium_arvense",1,0.0303703703703705
"3131","Trifolium_aureum",0,0.10630285493827
"3132","Trifolium_aureum",1,0.0265051975051977
"3133","Trifolium_baccarinii",0,0.150964071856287
"3134","Trifolium_badium",0,0.0970151515151513
"3135","Trifolium_barbigerum",0,0.0427587939698492
"3136","Trifolium_beckwithii",0,0.0401904761904762
"3137","Trifolium_bejariense",0,0.03878125
"3138","Trifolium_bifidum",0,0.0402536082474227
"3139","Trifolium_bocconei",0,0.129785063752277
"3140","Trifolium_boissieri",0,0.22183125
"3141","Trifolium_burchellianum",0,0.162402877697842
"3142","Trifolium_burchellianum",1,0.043
"3143","Trifolium_campestre",0,0.095430398750165
"3144","Trifolium_campestre",1,0.0383565891472879
"3145","Trifolium_canescens",0,0.212697986577181
"3146","Trifolium_carolinianum",0,0.0388109756097561
"3147","Trifolium_cernuum",0,0.112022695035461
"3148","Trifolium_cernuum",1,0.028019801980198
"3149","Trifolium_cherleri",0,0.151340005337605
"3150","Trifolium_cherleri",1,0.0264090909090909
"3151","Trifolium_ciliolatum",0,0.0421037037037037
"3152","Trifolium_clusii",0,0.0995568862275449
"3153","Trifolium_clypeatum",0,0.0958708189158017
"3154","Trifolium_cryptopodium",0,0.164511278195489
"3155","Trifolium_cyathiferum",0,0.0332212943632568
"3156","Trifolium_dalmaticum",0,0.191688888888889
"3157","Trifolium_dasyphyllum",0,0.0189035532994924
"3158","Trifolium_dasyurum",0,0.137237288135593
"3159","Trifolium_decorum",0,0.161
"3160","Trifolium_depauperatum",0,0.0437840616966581
"3161","Trifolium_dichotomum",0,0.0391137440758294
"3162","Trifolium_diffusum",0,0.139816216216216
"3163","Trifolium_dubium",0,0.0744951349669968
"3164","Trifolium_dubium",1,0.0372188512900295
"3165","Trifolium_echinatum",0,0.211064516129032
"3166","Trifolium_echinatum",1,0.0485
"3167","Trifolium_fragiferum",0,0.0953567281203637
"3168","Trifolium_fragiferum",1,0.0259181775918176
"3169","Trifolium_fucatum",0,0.0424423076923077
"3170","Trifolium_glanduliferum",0,0.125651785714286
"3171","Trifolium_globosum",0,0.238372549019608
"3172","Trifolium_globosum",1,0.036
"3173","Trifolium_glomeratum",0,0.122549400088876
"3174","Trifolium_glomeratum",1,0.0278336870538297
"3175","Trifolium_gracilentum",0,0.0438582995951417
"3176","Trifolium_gracilentum",1,0.004
"3177","Trifolium_grandiflorum",0,0.220496503496503
"3178","Trifolium_haydenii",0,0.0477727272727273
"3179","Trifolium_hirtum",0,0.182152759084791
"3180","Trifolium_hirtum",1,0.0420656678355116
"3181","Trifolium_hybridum",0,0.121826948323189
"3182","Trifolium_hybridum",1,0.0870062643498946
"3183","Trifolium_incarnatum",0,0.0881997786911158
"3184","Trifolium_incarnatum",1,0.0410721982758621
"3185","Trifolium_isthmocarpum",0,0.173949843260188
"3186","Trifolium_isthmocarpum",1,0.02
"3187","Trifolium_kingii",0,0.025047619047619
"3188","Trifolium_lappaceum",0,0.128277062470196
"3189","Trifolium_lappaceum",1,0.0385350877192982
"3190","Trifolium_leucanthum",0,0.169175824175824
"3191","Trifolium_leucanthum",1,0.115
"3192","Trifolium_ligusticum",0,0.0879925293489859
"3193","Trifolium_ligusticum",1,0.053
"3194","Trifolium_longipes",0,0.0326609464378576
"3195","Trifolium_lupinaster",0,0.0478615907901623
"3196","Trifolium_lupinaster",1,0.019
"3197","Trifolium_mattirolianum",0,0.161
"3198","Trifolium_medium",0,0.0977440589297874
"3199","Trifolium_medium",1,0.0239782608695652
"3200","Trifolium_michelianum",0,0.132533333333333
"3201","Trifolium_michelianum",1,0.01675
"3202","Trifolium_micranthum",0,0.0854868722916137
"3203","Trifolium_micranthum",1,0.184378787878788
"3204","Trifolium_microcephalum",0,0.0391039540816327
"3205","Trifolium_microdon",0,0.0382934782608696
"3206","Trifolium_nanum",0,0.0192479338842975
"3207","Trifolium_nigrescens",0,0.136512474012474
"3208","Trifolium_nigrescens",1,0.0337142857142857
"3209","Trifolium_obscurum",0,0.152982456140351
"3210","Trifolium_oliganthum",0,0.0354675324675325
"3211","Trifolium_ornithopodioides",0,0.1010337922403
"3212","Trifolium_ornithopodioides",1,0.0184651162790698
"3213","Trifolium_palaestinum",0,0.0657666666666667
"3214","Trifolium_pallescens",0,0.0961114130434783
"3215","Trifolium_pallidum",0,0.169092024539877
"3216","Trifolium_pallidum",1,0.04
"3217","Trifolium_pannonicum",0,0.180115577889447
"3218","Trifolium_pannonicum",1,0.073
"3219","Trifolium_parryi",0,0.019590017825312
"3220","Trifolium_patens",0,0.120519706078824
"3221","Trifolium_pauciflorum",0,0.226338461538462
"3222","Trifolium_physodes",0,0.203741414141414
"3223","Trifolium_plebeium",0,0.115918367346939
"3224","Trifolium_polymorphum",0,0.0746453488372093
"3225","Trifolium_polyphyllum",0,0.148235294117647
"3226","Trifolium_polystachyum",0,0.164307692307692
"3227","Trifolium_pratense",0,0.0882383271379745
"3228","Trifolium_pratense",1,0.0627269754768404
"3229","Trifolium_pseudostriatum",0,0.168725490196078
"3230","Trifolium_quartinianum",0,0.161
"3231","Trifolium_reflexum",0,0.0280219178082192
"3232","Trifolium_reflexum",1,0.037
"3233","Trifolium_repens",0,0.0850925081730062
"3234","Trifolium_repens",1,0.0552814797869204
"3235","Trifolium_resupinatum",0,0.170644161849712
"3236","Trifolium_resupinatum",1,0.0726155339805823
"3237","Trifolium_retusum",0,0.136252796420582
"3238","Trifolium_retusum",1,0.0842962962962963
"3239","Trifolium_rubens",0,0.111378084342755
"3240","Trifolium_rubens",1,0.114
"3241","Trifolium_rueppellianum",0,0.16095
"3242","Trifolium_rueppellianum",1,0.338625
"3243","Trifolium_scabrum",0,0.124211077844311
"3244","Trifolium_scabrum",1,0.0192173913043478
"3245","Trifolium_scutatum",0,0.237477611940298
"3246","Trifolium_semipilosum",0,0.16782421875
"3247","Trifolium_simense",0,0.151260355029586
"3248","Trifolium_spadiceum",0,0.120326777777777
"3249","Trifolium_spadiceum",1,0.0317575757575758
"3250","Trifolium_spumosum",0,0.213673396674584
"3251","Trifolium_spumosum",1,0.054
"3252","Trifolium_squamosum",0,0.114090858104318
"3253","Trifolium_squamosum",1,0.0193333333333333
"3254","Trifolium_squarrosum",0,0.133270072992701
"3255","Trifolium_squarrosum",1,0.046
"3256","Trifolium_stellatum",0,0.130129933024213
"3257","Trifolium_stellatum",1,0.0490909090909091
"3258","Trifolium_steudneri",0,0.161477777777778
"3259","Trifolium_stoloniferum",0,0.05275
"3260","Trifolium_striatum",0,0.10164703493095
"3261","Trifolium_striatum",1,0.0225515463917526
"3262","Trifolium_strictum",0,0.127087905236908
"3263","Trifolium_strictum",1,0.0591111111111111
"3264","Trifolium_subterraneum",0,0.117206009161952
"3265","Trifolium_subterraneum",1,0.0245624893435637
"3266","Trifolium_suffocatum",0,0.106874256584537
"3267","Trifolium_suffocatum",1,0.0287931034482759
"3268","Trifolium_sylvaticum",0,0.134672897196262
"3269","Trifolium_sylvaticum",1,0.09
"3270","Trifolium_tembense",0,0.163959183673469
"3271","Trifolium_thalii",0,0.111922886452069
"3272","Trifolium_tomentosum",0,0.139866651151967
"3273","Trifolium_tomentosum",1,0.0341315563198623
"3274","Trifolium_tumens",0,0.230844444444444
"3275","Trifolium_uniflorum",0,0.18131914893617
"3276","Trifolium_uniflorum",1,0.082
"3277","Trifolium_usambarense",0,0.159762886597938
"3278","Trifolium_variegatum",0,0.0393440334961619
"3279","Trifolium_vesiculosum",0,0.144974789915966
"3280","Trifolium_vesiculosum",1,0.0619278846153846
"3281","Trifolium_willdenovii",0,0.0430493612078977
"3282","Trifolium_wormskioldii",0,0.0567130492676431
"3283","Trigonella_anguina",0,0.293229166666667
"3284","Trigonella_arabica",0,0.0660753623188406
"3285","Trigonella_balansae",0,0.178448717948718
"3286","Trigonella_balansae",1,0.701
"3287","Trigonella_berythea",0,0.0761458333333333
"3288","Trigonella_caelesyriaca",0,0.140985507246377
"3289","Trigonella_caerulea",0,0.182
"3290","Trigonella_caerulea",1,0.0895243902439024
"3291","Trigonella_cylindracea",0,0.120274509803922
"3292","Trigonella_emodi",0,0.400464788732394
"3293","Trigonella_glabra",0,0.265925925925926
"3294","Trigonella_glabra",1,0.160058823529412
"3295","Trigonella_gladiata",0,0.126219012115564
"3296","Trigonella_spruneriana",0,0.406823529411765
"3297","Trigonella_stellata",0,0.0756728971962617
"3298","Trigonella_suavissima",0,0.0268753623188406
"3299","Tripodion_tetraphyllum",0,0.145817938420348
"3300","Tylosema_esculentum",0,0.0768585858585858
"3301","Ulex_europaeus",0,0.0891742801279722
"3302","Ulex_europaeus",1,0.0295256867918657
"3303","Ulex_gallii",0,0.0891079319663005
"3304","Uraria_crinita",0,0.245801229508197
"3305","Uraria_lagopodioides",0,0.107341975308642
"3306","Uraria_lagopodioides",1,0.042
"3307","Uraria_picta",0,0.119024390243902
"3308","Uraria_rufescens",0,0.5485
"3309","Vandasina_retusa",0,0.101155737704918
"3310","Vatairea_erythrocarpa",0,0.422786666666667
"3311","Vatairea_guianensis",0,0.371194444444444
"3312","Vatairea_heteroptera",0,0.12934375
"3313","Vataireopsis_araroba",0,0.118709677419355
"3314","Vicia_acutifolia",0,0.0322368932038835
"3315","Vicia_americana",0,0.0265856554967667
"3316","Vicia_amoena",0,0.0845399802566633
"3317","Vicia_amoena",1,0.026
"3318","Vicia_amurensis",0,0.0667652916073968
"3319","Vicia_articulata",0,0.192246341463414
"3320","Vicia_articulata",1,0.107166101694915
"3321","Vicia_benghalensis",0,0.118024875621891
"3322","Vicia_benghalensis",1,0.141831408775981
"3323","Vicia_biennis",0,0.0496765799256505
"3324","Vicia_bithynica",0,0.12459028550241
"3325","Vicia_bithynica",1,0.041
"3326","Vicia_bungei",0,0.28077027027027
"3327","Vicia_caroliniana",0,0.0479232613908873
"3328","Vicia_cassubica",0,0.113529381619405
"3329","Vicia_cracca",0,0.084774801174158
"3330","Vicia_cracca",1,0.0186626360338573
"3331","Vicia_disperma",0,0.107933942375264
"3332","Vicia_disperma",1,0.0207258064516129
"3333","Vicia_dumetorum",0,0.0955426282051283
"3334","Vicia_dumetorum",1,0.026
"3335","Vicia_ervilia",0,0.32148861047836
"3336","Vicia_ervilia",1,0.161762376237624
"3337","Vicia_faba",0,0.535762376237624
"3338","Vicia_faba",1,0.142412594732657
"3339","Vicia_floridana",0,0.031
"3340","Vicia_graminea",0,0.188410256410256
"3341","Vicia_grandiflora",0,0.155610606060606
"3342","Vicia_grandiflora",1,0.0828483796296297
"3343","Vicia_hirsuta",0,0.0900487483357323
"3344","Vicia_hirsuta",1,0.0373777915632756
"3345","Vicia_hybrida",0,0.147321009519592
"3346","Vicia_hybrida",1,0.0664901960784314
"3347","Vicia_hyrcanica",0,0.46427950310559
"3348","Vicia_lathyroides",0,0.0945463277303963
"3349","Vicia_lathyroides",1,0.0456444444444444
"3350","Vicia_linearifolia",0,0.0668095238095238
"3351","Vicia_ludoviciana",0,0.0401797171438427
"3352","Vicia_lutea",0,0.128243516425057
"3353","Vicia_lutea",1,0.0687212863705973
"3354","Vicia_melanops",0,0.155465069860279
"3355","Vicia_minutiflora",0,0.0398866995073892
"3356","Vicia_monantha",0,0.182576958525346
"3357","Vicia_monantha",1,0.0379324712643678
"3358","Vicia_nana",0,0.0698260869565217
"3359","Vicia_narbonensis",0,0.191258823529412
"3360","Vicia_narbonensis",1,0.0756923076923077
"3361","Vicia_nipponica",0,0.0736261682242991
"3362","Vicia_ochroleuca",0,0.135216216216216
"3363","Vicia_palaestina",0,0.134591755319149
"3364","Vicia_pannonica",0,0.125472772277227
"3365","Vicia_pannonica",1,0.0737354545454546
"3366","Vicia_parviflora",0,0.129365580943121
"3367","Vicia_parviflora",1,0.04225
"3368","Vicia_peregrina",0,0.172310884515057
"3369","Vicia_peregrina",1,0.079
"3370","Vicia_pisiformis",0,0.0850070136581765
"3371","Vicia_pseudo-orobus",0,0.0985350609756096
"3372","Vicia_pubescens",0,0.140987132352941
"3373","Vicia_pulchella",0,0.0880661157024793
"3374","Vicia_ramuliflora",0,0.0402815533980583
"3375","Vicia_sativa",0,0.0944799424301719
"3376","Vicia_sativa",1,0.0595480072219619
"3377","Vicia_sepium",0,0.0940771160824311
"3378","Vicia_sepium",1,0.0270921052631579
"3379","Vicia_serratifolia",0,0.134587155963303
"3380","Vicia_serratifolia",1,0.192
"3381","Vicia_sicula",0,0.131117647058824
"3382","Vicia_sylvatica",0,0.101180741289158
"3383","Vicia_tenuifolia",0,0.110515628033391
"3384","Vicia_tenuifolia",1,0.0435337837837838
"3385","Vicia_tetrasperma",0,0.0998997558391319
"3386","Vicia_tetrasperma",1,0.0305531914893617
"3387","Vicia_unijuga",0,0.0800243771765332
"3388","Vicia_venosa",0,0.0693094289508633
"3389","Vicia_villosa",0,0.11229947561615
"3390","Vicia_villosa",1,0.0501014427701189
"3391","Vigna_aconitifolia",0,0.54140625
"3392","Vigna_aconitifolia",1,0.162
"3393","Vigna_angularis",0,0.157146757679181
"3394","Vigna_angularis",1,0.109918060200669
"3395","Vigna_comosa",0,0.178341463414634
"3396","Vigna_comosa",1,0.028
"3397","Vigna_dalzelliana",0,0.692529411764706
"3398","Vigna_frutescens",0,0.180695810564663
"3399","Vigna_gazensis",0,0.258473684210526
"3400","Vigna_hosei",0,0.152566666666667
"3401","Vigna_hosei",1,0.113985507246377
"3402","Vigna_juncea",0,0.31845
"3403","Vigna_khandalensis",0,0.701
"3404","Vigna_lanceolata",0,0.0276701404621657
"3405","Vigna_lasiocarpa",0,0.31718932038835
"3406","Vigna_longifolia",0,0.108105633802817
"3407","Vigna_longifolia",1,0.106333333333333
"3408","Vigna_luteola",0,0.103792388718994
"3409","Vigna_luteola",1,0.03125
"3410","Vigna_marina",0,0.156198645598194
"3411","Vigna_marina",1,0.2246
"3412","Vigna_minima",0,0.256430939226519
"3413","Vigna_monophylla",0,0.233643835616438
"3414","Vigna_multinervis",0,0.119411214953271
"3415","Vigna_mungo",0,0.501340314136126
"3416","Vigna_mungo",1,0.471765957446808
"3417","Vigna_oblongifolia",0,0.180407692307692
"3418","Vigna_parkeri",0,0.19441796875
"3419","Vigna_parkeri",1,0.102125
"3420","Vigna_pygmaea",0,0.261161290322581
"3421","Vigna_radiata",0,0.314869163952226
"3422","Vigna_radiata",1,0.236174377224199
"3423","Vigna_reflexopilosa",0,0.125924812030075
"3424","Vigna_subterranea",0,0.205444444444444
"3425","Vigna_subterranea",1,0.171854545454545
"3426","Vigna_trilobata",0,0.648857142857143
"3427","Vigna_trilobata",1,0.176535714285714
"3428","Vigna_triphylla",0,0.263125
"3429","Vigna_umbellata",0,0.461828996282528
"3430","Vigna_umbellata",1,0.171385093167702
"3431","Vigna_unguiculata",0,0.177398008979116
"3432","Vigna_unguiculata",1,0.325014426229508
"3433","Viminaria_juncea",0,0.0295565423327413
"3434","Virgilia_divaricata",0,0.23
"3435","Virgilia_oroboides",0,0.23
"3436","Virgilia_oroboides",1,0.372
"3437","Vouacapoua_americana",0,0.10340350877193
"3438","Vouacapoua_pallidior",0,0.125
"3439","Wallaceodendron_celebicum",0,0.629137931034483
"3440","Wiborgia_monoptera",0,0.23
"3441","Wiborgia_mucronata",0,0.23
"3442","Wiborgia_obcordata",0,0.23
"3443","Wisteria_brachybotrys",0,0.056
"3444","Wisteria_floribunda",0,0.056
"3445","Wisteria_floribunda",1,0.0918
"3446","Wisteria_frutescens",0,0.0442358845671267
"3447","Wisteria_sinensis",0,0.412575129533679
"3448","Wisteria_sinensis",1,0.0901566820276498
"3449","Xanthocercis_madagascariensis",0,0.202
"3450","Xylia_torreana",0,0.245714285714286
"3451","Xylia_xylocarpa",0,0.492432664756447
"3452","Zapoteca_formosa",0,0.208433606557377
"3453","Zenkerella_citrina",0,0.1196
"3454","Zollernia_glabra",0,0.13940350877193
"3455","Zollernia_ilicifolia",0,0.1125
"3456","Zollernia_paraensis",0,0.108638888888889
"3457","Zornia_brasiliensis",0,0.0834896907216495
"3458","Zornia_capensis",0,0.0727848837209302
"3459","Zornia_curvata",0,0.140408
"3460","Zornia_curvata",1,0.038
"3461","Zornia_diphylla",0,0.674222222222222
"3462","Zornia_diphylla",1,0.308080188679245
"3463","Zornia_gibbosa",0,0.416251308900524
"3464","Zornia_glabra",0,0.0934
"3465","Zornia_linearis",0,0.0474044943820225
"3466","Zornia_milneana",0,0.0879012345679012
"3467","Zornia_pratensis",0,0.183306451612903
"3468","Zornia_reticulata",0,0.157237938596491
"3469","Zygia_cataractae",0,0.317373362445415
"3470","Zygia_cauliflora",0,0.168465909090909
"3471","Zygia_inaequalis",0,0.481528985507246
"3472","Zygia_juruana",0,0.34162962962963
"3473","Zygia_latifolia",0,0.325280078895464
"3474","Zygia_longifolia",0,0.522102073365231
