"","species","mean_wal_score"
"1","Abrus_fruticulosus",0.0964907834101382
"2","Abrus_precatorius",0.126470741901776
"3","Acacia_acinacea",0.0168085341180799
"4","Acacia_acradenia",0.0377917981072555
"5","Acacia_acuminata",0.053
"6","Acacia_adsurgens",0.0267469287469288
"7","Acacia_adunca",0.038879746835443
"8","Acacia_alata",0.053
"9","Acacia_alleniana",0.021985119047619
"10","Acacia_alpina",0.0257413793103448
"11","Acacia_amoena",0.03064
"12","Acacia_ampliceps",0.0422140077821012
"13","Acacia_anceps",0.0153928571428571
"14","Acacia_ancistrocarpa",0.031436
"15","Acacia_aneura",0.0271092964824121
"16","Acacia_argyrodendron",0.043
"17","Acacia_aspera",0.0197837837837838
"18","Acacia_aulacocarpa",0.0446750902527076
"19","Acacia_auriculiformis",0.181861472785484
"20","Acacia_baileyana",0.0477079365079365
"21","Acacia_bidentata",0.053
"22","Acacia_biflora",0.053
"23","Acacia_binervata",0.0361136203246295
"24","Acacia_binervia",0.0357724687144482
"25","Acacia_bivenosa",0.0367906712172924
"26","Acacia_blakei",0.0390425196850394
"27","Acacia_blakelyi",0.053
"28","Acacia_brachybotrya",0.0196426666666666
"29","Acacia_brachystachya",0.0295412293853073
"30","Acacia_brassii",0.043
"31","Acacia_brownii",0.0320570605187319
"32","Acacia_brumalis",0.053
"33","Acacia_buxifolia",0.035030612244898
"34","Acacia_bynoeana",0.036
"35","Acacia_calamifolia",0.017835403726708
"36","Acacia_cambagei",0.0328689516129032
"37","Acacia_cana",0.0368525641025641
"38","Acacia_cangaiensis",0.036
"39","Acacia_cardiophylla",0.036
"40","Acacia_catenulata",0.0450394088669951
"41","Acacia_celastrifolia",0.053
"42","Acacia_chrysotricha",0.036
"43","Acacia_cincinnata",0.043
"44","Acacia_citrinoviridis",0.053
"45","Acacia_cognata",0.0259137931034482
"46","Acacia_colei",0.0386442006269592
"47","Acacia_colletioides",0.0312690829214718
"48","Acacia_complanata",0.040518779342723
"49","Acacia_concurrens",0.0383878852284803
"50","Acacia_confusa",0.168984200743494
"51","Acacia_coriacea",0.046283185840708
"52","Acacia_cowleana",0.0286264090177134
"53","Acacia_crassicarpa",0.0900386740331494
"54","Acacia_cultriformis",0.0412082324455205
"55","Acacia_cuthbertsonii",0.0356818181818181
"56","Acacia_cyclops",0.12669338885997
"57","Acacia_cyperophylla",0.0313260869565217
"58","Acacia_dangarensis",0.036
"59","Acacia_dealbata",0.0498116909249511
"60","Acacia_deanei",0.0360178784266984
"61","Acacia_decora",0.0366657398826073
"62","Acacia_decurrens",0.0730469604374411
"63","Acacia_dictyophleba",0.0302727272727272
"64","Acacia_difficilis",0.0205931603773585
"65","Acacia_dimidiata",0.0204720149253731
"66","Acacia_doratoxylon",0.0351031390134529
"67","Acacia_drummondii",0.053
"68","Acacia_dunnii",0.0357611940298507
"69","Acacia_elata",0.0491770833333331
"70","Acacia_elongata",0.036
"71","Acacia_eremaea",0.053
"72","Acacia_ericifolia",0.053
"73","Acacia_erinacea",0.0524
"74","Acacia_estrophiolata",0.0197616974972797
"75","Acacia_excelsa",0.0394342541436464
"76","Acacia_extensa",0.053
"77","Acacia_falcata",0.037058583106267
"78","Acacia_falciformis",0.0314787954830613
"79","Acacia_filicifolia",0.0360833953834698
"80","Acacia_filifolia",0.053
"81","Acacia_fimbriata",0.0387321688500728
"82","Acacia_flexifolia",0.0301738035264483
"83","Acacia_floribunda",0.0319097439100562
"84","Acacia_fulva",0.036
"85","Acacia_genistifolia",0.0199617516629714
"86","Acacia_georginae",0.0246356736242884
"87","Acacia_gittinsii",0.043
"88","Acacia_gladiiformis",0.036
"89","Acacia_glaucocarpa",0.043
"90","Acacia_glaucoptera",0.053
"91","Acacia_gonocarpa",0.0229173913043478
"92","Acacia_granitica",0.0382941176470588
"93","Acacia_hakeoides",0.024504872563718
"94","Acacia_harpophylla",0.0402298424467099
"95","Acacia_harveyi",0.053
"96","Acacia_hastulata",0.053
"97","Acacia_havilandiorum",0.029876993166287
"98","Acacia_hemsleyi",0.0360327868852459
"99","Acacia_heterophylla",0.0403870967741935
"100","Acacia_hilliana",0.0314931034482759
"101","Acacia_hippuroides",0.053
"102","Acacia_holosericea",0.0305106172839505
"103","Acacia_horridula",0.053
"104","Acacia_huegelii",0.053
"105","Acacia_implexa",0.0297877668782456
"106","Acacia_irrorata",0.0363845448992059
"107","Acacia_iteaphylla",0.0195680473372781
"108","Acacia_ixiophylla",0.0388329764453961
"109","Acacia_jonesii",0.036
"110","Acacia_julifera",0.043
"111","Acacia_juncifolia",0.041
"112","Acacia_kempeana",0.0228457169900616
"113","Acacia_koa",0.032
"114","Acacia_lachnophylla",0.053
"115","Acacia_latescens",0.02
"116","Acacia_latifolia",0.026203488372093
"117","Acacia_leiocalyx",0.0401000415110005
"118","Acacia_leptocarpa",0.0404939759036144
"119","Acacia_leucoclada",0.0372926136363636
"120","Acacia_ligulata",0.0189050811573748
"121","Acacia_linarioides",0.02
"122","Acacia_linearifolia",0.036
"123","Acacia_lineata",0.0310113636363636
"124","Acacia_linifolia",0.036
"125","Acacia_loderi",0.0321286549707602
"126","Acacia_longifolia",0.0405780803369977
"127","Acacia_longispicata",0.043
"128","Acacia_longissima",0.0368098510882016
"129","Acacia_lunata",0.036
"130","Acacia_lysiphloia",0.0241950439648281
"131","Acacia_maconochieana",0.0321224489795918
"132","Acacia_mangium",0.241517819706499
"133","Acacia_mearnsii",0.0569315506012074
"134","Acacia_melanoxylon",0.0353842275110929
"135","Acacia_melleodora",0.0274223300970874
"136","Acacia_microbotrya",0.053
"137","Acacia_mimula",0.02
"138","Acacia_monticola",0.0341448900388098
"139","Acacia_mooreana",0.053
"140","Acacia_mucronata",0.0167747712672767
"141","Acacia_multisiliqua",0.0278648648648648
"142","Acacia_mutabilis",0.0498977272727273
"143","Acacia_myrtifolia",0.0234486156148663
"144","Acacia_nanodealbata",0.016
"145","Acacia_neriifolia",0.0388996350364963
"146","Acacia_nervosa",0.053
"147","Acacia_neurocarpa",0.0322163461538462
"148","Acacia_nigricans",0.053
"149","Acacia_notabilis",0.0142759276879163
"150","Acacia_olgana",0.018045871559633
"151","Acacia_oncinocarpa",0.02
"152","Acacia_oshanesii",0.0401893939393939
"153","Acacia_oswaldii",0.0228680584551151
"154","Acacia_oxycedrus",0.0203386027536972
"155","Acacia_papyrocarpa",0.0170573543015726
"156","Acacia_paradoxa",0.0186620464737057
"157","Acacia_parvipinnula",0.036
"158","Acacia_patagiata",0.053
"159","Acacia_pellita",0.02
"160","Acacia_pendula",0.0359384395132427
"161","Acacia_pentadenia",0.053
"162","Acacia_platycarpa",0.0283833464257659
"163","Acacia_plectocarpa",0.0273588456712672
"164","Acacia_podalyriifolia",0.0473149090909091
"165","Acacia_polybotrya",0.0374375
"166","Acacia_polystachya",0.043
"167","Acacia_pravissima",0.0222397072278133
"168","Acacia_prominens",0.036
"169","Acacia_pubescens",0.036
"170","Acacia_pulchella",0.053
"171","Acacia_pycnantha",0.0191459345643015
"172","Acacia_pyrifolia",0.053
"173","Acacia_redolens",0.053
"174","Acacia_restiacea",0.053
"175","Acacia_retinodes",0.056002997002997
"176","Acacia_rigens",0.0229381399317406
"177","Acacia_rossei",0.053
"178","Acacia_rostellifera",0.053
"179","Acacia_rothii",0.043
"180","Acacia_rubida",0.0314427812650894
"181","Acacia_salicina",0.0317639639639638
"182","Acacia_saligna",0.11116298239041
"183","Acacia_sclerosperma",0.0530258215962441
"184","Acacia_shirleyi",0.0295558739255015
"185","Acacia_silvestris",0.0249655172413794
"186","Acacia_simsii",0.0699773584905659
"187","Acacia_sparsiflora",0.043
"188","Acacia_spathulifolia",0.053
"189","Acacia_spectabilis",0.0373303867403315
"190","Acacia_spinescens",0.0143219264892269
"191","Acacia_spinosissima",0.053
"192","Acacia_squamata",0.053
"193","Acacia_stenophylla",0.0300055846422337
"194","Acacia_stenoptera",0.053
"195","Acacia_stipuligera",0.0279559902200489
"196","Acacia_stricta",0.0206211739287001
"197","Acacia_suaveolens",0.0305222154595253
"198","Acacia_subcaerulea",0.053
"199","Acacia_sulcata",0.053
"200","Acacia_tenuissima",0.0301362196409714
"201","Acacia_tephrina",0.0420659898477157
"202","Acacia_terminalis",0.0293251944012444
"203","Acacia_tetragonocarpa",0.053
"204","Acacia_tetragonophylla",0.0278258478460127
"205","Acacia_thomsonii",0.0311754385964912
"206","Acacia_torulosa",0.0280889830508475
"207","Acacia_trachycarpa",0.053
"208","Acacia_trachyphloia",0.036
"209","Acacia_translucens",0.0348582089552239
"210","Acacia_trineura",0.0256581818181818
"211","Acacia_triptera",0.0350407876230661
"212","Acacia_tumida",0.0400681520314548
"213","Acacia_ulicifolia",0.0344344095404303
"214","Acacia_umbellata",0.0312072727272727
"215","Acacia_uncifera",0.043
"216","Acacia_urophylla",0.053
"217","Acacia_verniciflua",0.0209193811074919
"218","Acacia_verticillata",0.0164215292903818
"219","Acacia_vestita",0.0360265151515151
"220","Acacia_victoriae",0.0213077526987245
"221","Acacia_wilhelmiana",0.0217628865979382
"222","Acacia_willdenowiana",0.053
"223","Acacia_yirrkallensis",0.02
"224","Acmispon_americanus",0.0384295415959255
"225","Acmispon_brachycarpus",0.0386381197681905
"226","Acmispon_maritimus",0.0467683946488294
"227","Acmispon_parviflorus",0.0332403189066059
"228","Acmispon_subpinnatus",0.10448
"229","Acmispon_wrangelianus",0.04284
"230","Acosmium_lentiscifolium",0.140379310344828
"231","Acrocarpus_fraxinifolius",0.341893203883495
"232","Adenanthera_intermedia",0.72
"233","Adenocarpus_complicatus",0.127084085315833
"234","Adenocarpus_decorticans",0.155344871794872
"235","Adenocarpus_foliolosus",0.06
"236","Adenodolichos_punctatus",0.285320754716981
"237","Adesmia_bicolor",NA
"238","Adesmia_latifolia",0.101586956521739
"239","Adesmia_muricata",0.0719
"240","Adesmia_punctata",0.0893870967741936
"241","Aeschynomene_abyssinica",0.197896551724138
"242","Aeschynomene_afraspera",0.0611489361702128
"243","Aeschynomene_americana",0.203973305084746
"244","Aeschynomene_aspera",0.0707938144329897
"245","Aeschynomene_bracteosa",0.259125
"246","Aeschynomene_brevifolia",0.0700206896551725
"247","Aeschynomene_ciliata",0.271160305343511
"248","Aeschynomene_crassicaulis",0.0942307692307692
"249","Aeschynomene_cristata",0.150686746987952
"250","Aeschynomene_denticulata",0.0860166666666667
"251","Aeschynomene_elaphroxylon",0.159382113821138
"252","Aeschynomene_evenia",0.162032258064516
"253","Aeschynomene_filosa",0.113386363636364
"254","Aeschynomene_fluitans",0.1475625
"255","Aeschynomene_fluminensis",0.155861111111111
"256","Aeschynomene_indica",0.114209642301712
"257","Aeschynomene_lateritia",0.0814175824175825
"258","Aeschynomene_mimosifolia",0.231294117647059
"259","Aeschynomene_minutiflora",0.263628571428571
"260","Aeschynomene_nilotica",0.133583333333333
"261","Aeschynomene_nodulosa",0.25255737704918
"262","Aeschynomene_nyassana",0.239891891891892
"263","Aeschynomene_pratensis",0.174826446280992
"264","Aeschynomene_rehmannii",0.0426190476190476
"265","Aeschynomene_rudis",0.218617940199336
"266","Aeschynomene_scabra",0.15945652173913
"267","Aeschynomene_schimperi",0.180894736842105
"268","Aeschynomene_schliebenii",0.240363636363636
"269","Aeschynomene_sensitiva",0.191653194263364
"270","Aeschynomene_tambacoundensis",0.0489152542372881
"271","Aeschynomene_uniflora",0.125119402985075
"272","Aeschynomene_virginica",0.0578787878787879
"273","Afzelia_rhomboidea",0.712292682926829
"274","Aganope_gabonica",0.0879583333333333
"275","Albizia_adinocephala",0.106890995260664
"276","Albizia_amara",0.281522388059702
"277","Albizia_anthelmintica",0.141427184466019
"278","Albizia_antunesiana",0.221549180327869
"279","Albizia_brevifolia",0.179025641025641
"280","Albizia_carbonaria",0.740891615541922
"281","Albizia_chevalieri",0.072433962264151
"282","Albizia_chinensis",0.409966417910448
"283","Albizia_coriaria",0.187790476190476
"284","Albizia_edwallii",0.104671875
"285","Albizia_forbesii",0.159064516129032
"286","Albizia_gummifera",0.19737084398977
"287","Albizia_harveyi",0.145146953405018
"288","Albizia_inundata",0.0761363636363636
"289","Albizia_julibrissin",0.100548645660587
"290","Albizia_kalkora",0.442311546840959
"291","Albizia_lebbeck",0.209317084713677
"292","Albizia_lebbekoides",0.407117647058824
"293","Albizia_lucidior",0.597377551020408
"294","Albizia_multiflora",0.401714285714286
"295","Albizia_niopoides",0.461406323185012
"296","Albizia_odoratissima",0.534656050955414
"297","Albizia_petersiana",0.186333333333333
"298","Albizia_polycephala",0.115227777777778
"299","Albizia_procera",0.229041543026706
"300","Albizia_retusa",0.241303571428571
"301","Albizia_saponaria",0.422482142857143
"302","Albizia_schimperiana",0.200525423728814
"303","Albizia_subdimidiata",0.3168671875
"304","Albizia_tanganyicensis",0.15728125
"305","Albizia_versicolor",0.158990566037736
"306","Aldina_heterophylla",0.125
"307","Aldina_latifolia",0.366073684210526
"308","Alexa_grandiflora",0.125
"309","Alexa_imperatricis",0.153
"310","Alhagi_maurorum",0.162884393063584
"311","Almaleea_paludosa",0.0322091503267974
"312","Alysicarpus_bupleurifolius",0.222815028901734
"313","Alysicarpus_glumaceus",0.111426195426195
"314","Alysicarpus_monilifer",0.419108910891089
"315","Alysicarpus_ovalifolius",0.0685984063745021
"316","Alysicarpus_rugosus",0.132993902439025
"317","Alysicarpus_vaginalis",0.219054401582592
"318","Alysicarpus_zeyheri",0.143151162790698
"319","Amblygonocarpus_andongensis",0.155025316455696
"320","Amburana_cearensis",0.0966478873239437
"321","Amicia_zygomeris",0.179175853018373
"322","Ammopiptanthus_mongolicus",0.17325
"323","Amorpha_californica",0.0488938307030129
"324","Amorpha_canescens",0.0188749076582123
"325","Amorpha_fruticosa",0.0912950024740228
"326","Amorpha_herbacea",0.0420625
"327","Amorpha_nana",0.0164761904761905
"328","Amphicarpaea_bracteata",0.0289320886559668
"329","Amphithalea_ericifolia",0.23
"330","Anadenanthera_colubrina",0.108865525672371
"331","Anadenanthera_peregrina",0.173735074626865
"332","Anagyris_foetida",0.147057444314186
"333","Andira_anthelmia",0.129763157894737
"334","Andira_coriacea",0.0819615384615385
"335","Andira_fraxinifolia",0.111678244972578
"336","Andira_inermis",0.263023174157303
"337","Andira_legalis",0.096
"338","Andira_micrantha",0.152
"339","Andira_nitida",0.09325
"340","Andira_parviflora",0.125
"341","Andira_surinamensis",0.405945736434109
"342","Andira_unifoliolata",0.125
"343","Anthyllis_barba-jovis",0.11757
"344","Anthyllis_cornicina",0.136814606741573
"345","Anthyllis_cytisoides",0.150909486348913
"346","Anthyllis_lotoides",0.129174269005848
"347","Anthyllis_montana",0.125195502601107
"348","Anthyllis_vulneraria",0.103279315157948
"349","Antopetitia_abyssinica",0.16272049689441
"350","Aotus_ericoides",0.0243124999999999
"351","Aotus_lanigera",0.0404227272727273
"352","Aotus_tietkensii",0.053
"353","Apios_americana",0.0336613586312045
"354","Apios_carnea",0.563338624338624
"355","Apuleia_leiocarpa",0.187119828815977
"356","Arachis_batizocoi",0.174459016393443
"357","Arachis_burkartii",0.0963167701863354
"358","Arachis_cardenasii",0.182754716981132
"359","Arachis_diogoi",0.108745098039216
"360","Arachis_duranensis",0.118551020408163
"361","Arachis_glabrata",0.0894857142857145
"362","Arachis_helodes",0.056
"363","Arachis_hypogaea",0.349306038426349
"364","Arachis_monticola",0.076
"365","Arachis_pintoi",0.28116192560175
"366","Arachis_prostrata",0.0811277533039647
"367","Arachis_pusilla",0.0892173913043478
"368","Arachis_stenosperma",0.0748170731707317
"369","Arachis_villosa",0.0855277777777778
"370","Archidendron_bigeminum",0.671884615384615
"371","Archidendron_bubalinum",0.3782
"372","Archidendron_clypearia",0.47690635451505
"373","Archidendron_ellipticum",0.369466165413534
"374","Archidendron_jiringa",0.362083333333333
"375","Archidendron_lucidum",0.224633064516129
"376","Archidendron_scutiferum",0.72
"377","Archidendron_utile",0.37304
"378","Archidendropsis_basaltica",0.043
"379","Archidendropsis_thozetiana",0.043
"380","Argyrolobium_amplexicaule",0.0954482758620689
"381","Argyrolobium_biebersteinii",0.220471264367816
"382","Argyrolobium_harveyanum",0.0932086330935251
"383","Argyrolobium_lunare",0.23
"384","Argyrolobium_molle",0.160145299145299
"385","Argyrolobium_pauciflorum",0.09425
"386","Argyrolobium_roseum",0.382493150684932
"387","Argyrolobium_rupestre",0.120553571428571
"388","Argyrolobium_speciosum",0.0729868421052632
"389","Argyrolobium_stipulaceum",0.0932837837837838
"390","Argyrolobium_tomentosum",0.117196581196581
"391","Argyrolobium_transvaalense",0.043
"392","Argyrolobium_tuberosum",0.0821501706484643
"393","Argyrolobium_uniflorum",0.0899090909090909
"394","Argyrolobium_zanonii",0.137398172658185
"395","Aspalathus_abietina",0.23
"396","Aspalathus_acuminata",0.23
"397","Aspalathus_albens",0.23
"398","Aspalathus_alopecurus",0.23
"399","Aspalathus_angustifolia",0.23
"400","Aspalathus_araneosa",0.23
"401","Aspalathus_aspalathoides",0.23
"402","Aspalathus_asparagoides",0.23
"403","Aspalathus_astroites",0.23
"404","Aspalathus_biflora",0.23
"405","Aspalathus_bodkinii",0.23
"406","Aspalathus_bracteata",0.23
"407","Aspalathus_capensis",0.23
"408","Aspalathus_carnosa",0.23
"409","Aspalathus_cephalotes",0.23
"410","Aspalathus_chenopoda",0.23
"411","Aspalathus_chortophila",0.162992125984252
"412","Aspalathus_ciliaris",0.23
"413","Aspalathus_cordata",0.23
"414","Aspalathus_crassisepala",0.23
"415","Aspalathus_crenata",0.23
"416","Aspalathus_divaricata",0.2289375
"417","Aspalathus_ericifolia",0.23
"418","Aspalathus_flexuosa",0.23
"419","Aspalathus_forbesii",0.23
"420","Aspalathus_gerrardii",0.09125
"421","Aspalathus_heterophylla",0.23
"422","Aspalathus_hirta",0.23
"423","Aspalathus_hispida",0.23
"424","Aspalathus_hystrix",0.23
"425","Aspalathus_juniperina",0.23
"426","Aspalathus_lactea",0.23
"427","Aspalathus_laricifolia",0.222291666666667
"428","Aspalathus_linearis",0.23
"429","Aspalathus_linguiloba",0.23
"430","Aspalathus_microphylla",0.23
"431","Aspalathus_muraltioides",0.23
"432","Aspalathus_nigra",0.23
"433","Aspalathus_nivea",0.23
"434","Aspalathus_opaca",0.23
"435","Aspalathus_pachyloba",0.23
"436","Aspalathus_pendula",0.23
"437","Aspalathus_quinquefolia",0.23
"438","Aspalathus_recurva",0.23
"439","Aspalathus_retroflexa",0.23
"440","Aspalathus_rubens",0.23
"441","Aspalathus_salteri",0.23
"442","Aspalathus_sericea",0.23
"443","Aspalathus_setacea",0.23
"444","Aspalathus_spicata",0.23
"445","Aspalathus_spinescens",0.23
"446","Aspalathus_spinosa",0.225173913043478
"447","Aspalathus_stenophylla",0.23
"448","Aspalathus_ternata",0.23
"449","Aspalathus_tuberculata",0.23
"450","Aspalathus_uniflora",0.23
"451","Astragalus_aboriginum",NA
"452","Astragalus_agrestis",0.0207041965199591
"453","Astragalus_allochrous",0.0332081911262799
"454","Astragalus_alopecuroides",0.150820816864295
"455","Astragalus_alpinus",0.0765551515151513
"456","Astragalus_americanus",0.0194914089347079
"457","Astragalus_amherstianus",0.43758064516129
"458","Astragalus_angustifolius",0.321058441558441
"459","Astragalus_annularis",0.0777747747747748
"460","Astragalus_arenarius",0.0775745296671491
"461","Astragalus_argophyllus",0.0283852459016393
"462","Astragalus_armatus",0.239973684210526
"463","Astragalus_asper",0.0708083333333333
"464","Astragalus_asymmetricus",0.043
"465","Astragalus_atropilosulus",0.183875
"466","Astragalus_australis",0.0987922283901665
"467","Astragalus_beckwithii",0.0259554730983302
"468","Astragalus_bisulcatus",0.025637542662116
"469","Astragalus_bodinii",0.0147702702702703
"470","Astragalus_boeticus",0.113575903614458
"471","Astragalus_bolanderi",0.043
"472","Astragalus_brachycarpus",0.190051282051282
"473","Astragalus_brazoensis",0.039
"474","Astragalus_callichrous",0.0647940074906367
"475","Astragalus_canadensis",0.0258368444643658
"476","Astragalus_ceramicus",0.0247361853832442
"477","Astragalus_chinensis",0.0926333333333333
"478","Astragalus_chlorostachys",0.435264705882353
"479","Astragalus_chrysopterus",0.263939393939394
"480","Astragalus_cicer",0.0728128615175234
"481","Astragalus_crassicarpus",0.0235827586206897
"482","Astragalus_crenatus",0.242247933884297
"483","Astragalus_danicus",0.0644452323194634
"484","Astragalus_densiflorus",0.234744186046512
"485","Astragalus_drummondii",0.0278962765957447
"486","Astragalus_echinatus",0.146663522012579
"487","Astragalus_eucosmus",0.0197283464566929
"488","Astragalus_falcatus",0.101616
"489","Astragalus_filicaulis",0.42977
"490","Astragalus_flexuosus",0.0235413711583924
"491","Astragalus_frigidus",0.0739162105263158
"492","Astragalus_galegiformis",0.18468085106383
"493","Astragalus_gambelianus",0.0437441860465116
"494","Astragalus_geminiflorus",0.364
"495","Astragalus_glaux",0.152549822064057
"496","Astragalus_glycyphyllos",0.0984548487418702
"497","Astragalus_gracilis",0.0212970149253731
"498","Astragalus_graveolens",0.468705882352941
"499","Astragalus_hamosus",0.152686334610474
"500","Astragalus_himalayanus",0.444545454545455
"501","Astragalus_hispidulus",0.0671060606060606
"502","Astragalus_hornii",0.0697333333333333
"503","Astragalus_humistratus",0.0286060606060606
"504","Astragalus_hypogaeus",0.106125
"505","Astragalus_hypoglottis",0.127830263157895
"506","Astragalus_kentrophyta",0.0284803493449782
"507","Astragalus_lehmannianus",0.267551724137931
"508","Astragalus_lentiginosus",0.0337163172288058
"509","Astragalus_leontinus",0.089672131147541
"510","Astragalus_leptocarpus",0.0379735099337748
"511","Astragalus_leucocephalus",0.434243243243243
"512","Astragalus_lindheimeri",0.037668202764977
"513","Astragalus_lonchocarpus",0.0245569620253164
"514","Astragalus_miniatus",0.137081081081081
"515","Astragalus_miser",0.0272520683949256
"516","Astragalus_missouriensis",0.0279002403846154
"517","Astragalus_mollissimus",0.0407182974989028
"518","Astragalus_monspessulanus",0.127579326685753
"519","Astragalus_neglectus",0.01875
"520","Astragalus_nothoxys",0.0400818181818182
"521","Astragalus_nuttallianus",0.0393118143459915
"522","Astragalus_nuttallii",0.043
"523","Astragalus_onobrychis",0.0925614128980467
"524","Astragalus_oxyglottis",0.047
"525","Astragalus_palmeri",0.065102564102564
"526","Astragalus_pectinatus",0.0267090395480226
"527","Astragalus_pehuenches",0.069925
"528","Astragalus_ponticus",0.148609090909091
"529","Astragalus_purshii",0.02970675944334
"530","Astragalus_robbinsii",0.0225287081339713
"531","Astragalus_scaberrimus",0.128423487544484
"532","Astragalus_sempervirens",0.121517866129844
"533","Astragalus_sesameus",0.151525433526011
"534","Astragalus_sinicus",0.227882536382537
"535","Astragalus_spatulatus",0.0266568265682657
"536","Astragalus_stenoceras",0.126620689655172
"537","Astragalus_stevenianus",0.263272727272727
"538","Astragalus_subumbellatus",0.437066666666667
"539","Astragalus_sulcatus",0.0592228796844182
"540","Astragalus_tenellus",0.0259557046979866
"541","Astragalus_tener",0.043
"542","Astragalus_tibetanus",0.300791666666667
"543","Astragalus_tribuloides",0.138481735159817
"544","Astragalus_trichopodus",0.0569897260273972
"545","Astragalus_uliginosus",0.039889748549323
"546","Astragalus_umbellatus",0.0167403598971722
"547","Astragalus_utahensis",0.0268327645051195
"548","Astragalus_vaginatus",0.0505945945945946
"549","Astragalus_vexilliflexus",0.0486146788990826
"550","Astragalus_whitneyi",0.0353004231311707
"551","Astragalus_wootonii",0.0582299107142857
"552","Astragalus_zingeri",0.0671578947368421
"553","Ateleia_glazioveana",0.101548387096774
"554","Ateleia_gummifera",0.159835164835165
"555","Baikiaea_insignis",0.128865030674847
"556","Baikiaea_plurijuga",0.178203488372093
"557","Balsamocarpon_brevifolium",0.092468085106383
"558","Baphia_laurifolia",0.0965580110497237
"559","Baphia_massaiensis",0.149744927536232
"560","Baphia_maxima",0.09045
"561","Baphia_pubescens",0.0811353711790393
"562","Baphiopsis_parviflora",0.151176991150442
"563","Baptisia_alba",0.0303849878934625
"564","Baptisia_australis",0.0276638354939651
"565","Baptisia_bracteata",0.0265508274231678
"566","Baptisia_perfoliata",0.0695190839694656
"567","Baptisia_tinctoria",0.0347877697841726
"568","Barbieria_pinnata",0.297520547945205
"569","Batesia_floribunda",0.245188888888889
"570","Bauhinia_acreana",0.200855769230769
"571","Bauhinia_acuminata",0.628922794117647
"572","Bauhinia_acuruana",0.0839859649122807
"573","Bauhinia_bauhinioides",0.09048
"574","Bauhinia_brachycarpa",0.611218068535825
"575","Bauhinia_brevipes",0.0874387755102041
"576","Bauhinia_conwayi",0.1529
"577","Bauhinia_divaricata",0.150483297413793
"578","Bauhinia_forficata",0.0981271102284013
"579","Bauhinia_galpinii",0.10845197740113
"580","Bauhinia_glauca",NA
"581","Bauhinia_longicuspis",0.248034351145038
"582","Bauhinia_longifolia",0.116242352941176
"583","Bauhinia_monandra",0.190866279069767
"584","Bauhinia_pauletia",0.279278969957082
"585","Bauhinia_pentandra",0.0881855072463768
"586","Bauhinia_petersiana",0.237282485875706
"587","Bauhinia_picta",0.796082125603865
"588","Bauhinia_pottsii",0.453477272727273
"589","Bauhinia_pulchella",0.0923426395939086
"590","Bauhinia_purpurea",0.477997050147493
"591","Bauhinia_racemosa",0.66762037037037
"592","Bauhinia_rufa",0.104172529313233
"593","Bauhinia_rufescens",0.100058823529412
"594","Bauhinia_tomentosa",0.300231833910034
"595","Bauhinia_ungulata",0.145869739478958
"596","Bauhinia_variegata",0.357664615384615
"597","Berlinia_bracteosa",0.0887114427860697
"598","Berlinia_craibiana",0.140769230769231
"599","Berlinia_grandiflora",0.0676446153846152
"600","Bituminaria_bituminosa",0.133289341575739
"601","Bobgunnia_madagascariensis",0.114920720720721
"602","Bolusanthus_speciosus",0.102155440414508
"603","Bossiaea_aquifolium",0.053
"604","Bossiaea_bossiaeoides",0.0257020134228188
"605","Bossiaea_buxifolia",0.0336534954407295
"606","Bossiaea_cinerea",0.0162615669339914
"607","Bossiaea_dentata",0.053
"608","Bossiaea_ensata",0.0353256616800921
"609","Bossiaea_eriocarpa",0.053
"610","Bossiaea_foliosa",0.0282111553784861
"611","Bossiaea_heterophylla",0.0351582008530438
"612","Bossiaea_linophylla",0.053
"613","Bossiaea_ornata",0.053
"614","Bossiaea_preissii",0.053
"615","Bossiaea_prostrata",0.0192054438280167
"616","Bossiaea_pulchella",0.053
"617","Bossiaea_walkeri",0.0340098039215686
"618","Bossiaea_webbii",0.053
"619","Bowdichia_nitida",0.125
"620","Bowdichia_virgilioides",0.149011274934952
"621","Brachystegia_allenii",0.249782608695652
"622","Brachystegia_boehmii",0.241288461538462
"623","Brachystegia_bussei",0.20915873015873
"624","Brachystegia_cynometroides",0.121
"625","Brachystegia_floribunda",0.244142857142857
"626","Brachystegia_manga",0.23590243902439
"627","Brachystegia_taxifolia",0.2665
"628","Brachystegia_utilis",0.221044776119403
"629","Brodriguesia_santosii",0.074
"630","Brownea_ariza",0.783531578947368
"631","Brya_ebenus",0.219703125
"632","Butea_monosperma",0.657201739130435
"633","Cadia_ellisiana",0.202
"634","Cadia_purpurea",0.176642857142857
"635","Cajanus_acutifolius",0.032578488372093
"636","Cajanus_cajan",0.364237950279047
"637","Cajanus_goensis",0.504358208955224
"638","Cajanus_mollis",0.573296296296296
"639","Cajanus_scarabaeoides",0.270722948870392
"640","Calicotome_infesta",0.11865
"641","Calicotome_spinosa",0.132634248002779
"642","Callerya_cinerea",0.583464539007092
"643","Calliandra_bella",0.074
"644","Calliandra_coriacea",0.380036585365854
"645","Calliandra_dysantha",0.082504
"646","Calliandra_eriophylla",0.0675409181636723
"647","Calliandra_erubescens",0.074
"648","Calliandra_foliolosa",0.100944649446494
"649","Calliandra_guildingii",0.549661290322581
"650","Calliandra_haematocephala",0.290115789473684
"651","Calliandra_haematomma",0.1254
"652","Calliandra_harrisii",0.142545454545455
"653","Calliandra_houstoniana",0.168212773998488
"654","Calliandra_humilis",0.0708083333333333
"655","Calliandra_juzepczukii",0.184171428571429
"656","Calliandra_macrocalyx",0.0794862385321101
"657","Calliandra_parviflora",0.0870785714285714
"658","Calliandra_parvifolia",0.0819625668449197
"659","Calliandra_pittieri",0.767368965517241
"660","Calliandra_rubescens",0.137384057971014
"661","Calliandra_surinamensis",0.225124661246613
"662","Calliandra_tergemina",0.194465863453815
"663","Calliandra_trinervia",0.408087818696884
"664","Calopogonium_caeruleum",0.213701162790698
"665","Calpocalyx_dinklagei",0.082
"666","Calpurnia_aurea",0.142237785016287
"667","Campsiandra_comosa",0.097
"668","Camptosema_coriaceum",0.0916317204301074
"669","Camptosema_pedicellatum",0.0737
"670","Camptosema_rubicundum",0.0835568181818182
"671","Campylotropis_macrocarpa",0.336710476190476
"672","Canavalia_africana",0.133887640449438
"673","Canavalia_brasiliensis",0.170104252400549
"674","Canavalia_cathartica",0.225811764705882
"675","Canavalia_gladiata",0.394447552447552
"676","Canavalia_lineata",0.131562841530055
"677","Canavalia_rosea",0.133214589235128
"678","Caragana_arborescens",0.0481386402589982
"679","Caragana_aurantiaca",0.157942857142857
"680","Caragana_brevispina",0.3942
"681","Caragana_erinacea",0.427469387755102
"682","Caragana_frutex",0.0747685881370093
"683","Caragana_korshinskii",0.154518518518519
"684","Caragana_leveillei",0.18864
"685","Caragana_microphylla",0.126573770491803
"686","Caragana_polourensis",0.144
"687","Caragana_rosea",0.182857142857143
"688","Caragana_sinica",0.386071428571429
"689","Caragana_versicolor",0.440328205128205
"690","Caragana_zahlbruckneri",0.139636363636364
"691","Carmichaelia_arborea",0.013
"692","Carmichaelia_exsul",NA
"693","Carmichaelia_kirkii",0.013
"694","Carmichaelia_odorata",0.0122765957446808
"695","Carmichaelia_petriei",0.013
"696","Cassia_abbreviata",0.167531088082902
"697","Cassia_bakeriana",0.438
"698","Cassia_brewsteri",0.043
"699","Cassia_cowanii",0.289111111111111
"700","Cassia_fastuosa",0.117719101123596
"701","Cassia_ferruginea",0.127135531135531
"702","Cassia_fistula",0.530619444444445
"703","Cassia_grandis",0.344098360655737
"704","Cassia_leiandra",0.251072916666666
"705","Cassia_leptophylla",0.119407407407407
"706","Cassia_marksiana",0.0381747572815534
"707","Cassia_moschata",0.366384259259259
"708","Cassia_roxburghii",0.574714285714286
"709","Cassia_spruceana",0.130049180327869
"710","Castanospermum_australe",0.0445758807588076
"711","Cathormion_umbellatum",0.0426705653021442
"712","Cedrelinga_cateniformis",0.462814545454545
"713","Cenostigma_macrophyllum",0.0824776785714287
"714","Cenostigma_tocantinum",0.125
"715","Centrolobium_microchaete",0.114844827586207
"716","Centrolobium_paraense",0.581739837398374
"717","Centrolobium_robustum",0.1335
"718","Centrolobium_tomentosum",0.135071428571429
"719","Centrosema_acutifolium",0.365475
"720","Centrosema_angustifolium",0.27990756302521
"721","Centrosema_arenarium",0.0976057692307692
"722","Centrosema_bracteosum",0.0827295081967213
"723","Centrosema_brasilianum",0.104550218340611
"724","Centrosema_macrocarpum",0.299498727735369
"725","Centrosema_molle",0.169398427260813
"726","Centrosema_pascuorum",0.105602678571429
"727","Centrosema_plumieri",0.20463454759107
"728","Centrosema_pubescens",0.17989128440367
"729","Centrosema_rotundifolium",0.0866285714285714
"730","Centrosema_sagittatum",0.154385321100917
"731","Centrosema_schottii",0.155551020408163
"732","Centrosema_venosum",0.215942446043165
"733","Centrosema_vexillatum",0.240255319148936
"734","Centrosema_virginianum",0.086463747454175
"735","Ceratonia_siliqua",0.142207472717185
"736","Cercis_canadensis",0.0425383579409415
"737","Cercis_glabra",0.5015625
"738","Cercis_siliquastrum",0.133539381600711
"739","Chadsia_grevei",0.202
"740","Chamaecrista_absus",0.105454833597464
"741","Chamaecrista_adiantifolia",0.249960784313726
"742","Chamaecrista_apoucouita",0.186319444444444
"743","Chamaecrista_biensis",0.0827338129496402
"744","Chamaecrista_calycioides",0.10958024691358
"745","Chamaecrista_chamaecristoides",0.162006451612903
"746","Chamaecrista_ciliolata",0.13747619047619
"747","Chamaecrista_comosa",0.0659096774193548
"748","Chamaecrista_conferta",0.0888810408921932
"749","Chamaecrista_cytisoides",0.0862654867256637
"750","Chamaecrista_decumbens",0.056
"751","Chamaecrista_dentata",0.151
"752","Chamaecrista_desvauxii",0.167066535239033
"753","Chamaecrista_diphylla",0.159511659807956
"754","Chamaecrista_duartei",0.0777560975609756
"755","Chamaecrista_ensiformis",0.101023952095808
"756","Chamaecrista_fagonioides",0.113812734082397
"757","Chamaecrista_fasciculata",0.0351967173834912
"758","Chamaecrista_flexuosa",0.11813680781759
"759","Chamaecrista_glandulosa",0.222627956989247
"760","Chamaecrista_hispidula",0.139228282828283
"761","Chamaecrista_isidorea",0.0583793103448276
"762","Chamaecrista_kirkii",0.14081684981685
"763","Chamaecrista_kunthiana",0.159202572347267
"764","Chamaecrista_leschenaultiana",0.431656
"765","Chamaecrista_lineata",0.127426666666667
"766","Chamaecrista_neesiana",0.109388429752066
"767","Chamaecrista_negrensis",0.193387096774194
"768","Chamaecrista_nictitans",0.12084663602173
"769","Chamaecrista_nomame",0.084622827346466
"770","Chamaecrista_orbiculata",0.0750316742081448
"771","Chamaecrista_pilosa",0.205604651162791
"772","Chamaecrista_planaltoana",0.056
"773","Chamaecrista_pumila",0.572851851851852
"774","Chamaecrista_ramosa",0.112653429602888
"775","Chamaecrista_repens",0.0841125
"776","Chamaecrista_rotundifolia",0.0999636281993713
"777","Chamaecrista_serpens",0.17028623853211
"778","Chamaecrista_stricta",0.0976526315789474
"779","Chamaecrista_viscosa",0.342249056603773
"780","Chamaecrista_xinguensis",0.119724137931034
"781","Chesneya_cuneata",0.461902777777778
"782","Chloroleucon_dumosum",0.0819782608695652
"783","Chloroleucon_foliolosum",0.080552036199095
"784","Chloroleucon_mangense",0.416151380231524
"785","Chloroleucon_tortum",0.1316
"786","Chorizema_aciculare",0.053
"787","Chorizema_cordatum",0.053
"788","Chorizema_cytisoides",0.053
"789","Chorizema_diversifolium",0.053
"790","Chorizema_parviflorum",0.0385704918032787
"791","Chorizema_reticulatum",0.053
"792","Christia_obcordata",0.365758928571429
"793","Cicer_arietinum",0.395611019613716
"794","Cicer_echinospermum",0.788
"795","Cicer_pinnatifidum",0.574076923076923
"796","Cicer_reticulatum",0.788
"797","Cladrastis_sikokiana",NA
"798","Cladrastis_wilsonii",0.467135135135135
"799","Clathrotropis_macrocarpa",0.620577922077922
"800","Clathrotropis_nitida",0.385303571428572
"801","Clianthus_puniceus",0.0278095238095238
"802","Clitoria_amazonum",0.144508620689655
"803","Clitoria_arborea",0.343975609756097
"804","Clitoria_australis",0.024224
"805","Clitoria_fairchildiana",0.172630036630037
"806","Clitoria_falcata",0.199116370808679
"807","Clitoria_guianensis",0.209107142857143
"808","Clitoria_javitensis",0.47196887159533
"809","Clitoria_laurifolia",0.160433734939759
"810","Clitoria_mariana",0.0604459999999999
"811","Clitoria_sagotii",0.345232142857143
"812","Clitoria_ternatea",0.383040985955862
"813","Codariocalyx_gyroides",0.466921296296296
"814","Codariocalyx_motorius",0.475972549019608
"815","Cojoba_arborea",0.173474784747847
"816","Collaea_speciosa",0.18215873015873
"817","Cologania_angustifolia",0.103601459854015
"818","Cologania_broussonetii",0.174558363417569
"819","Colutea_arborescens",0.115334843581445
"820","Colutea_cilicica",0.240348837209302
"821","Colutea_orientalis",0.153025
"822","Colvillea_racemosa",0.268533333333333
"823","Conzattia_multiflora",0.18901593625498
"824","Copaifera_baumiana",0.37025641025641
"825","Copaifera_duckei",0.0876478873239437
"826","Copaifera_langsdorffii",0.110955281418658
"827","Copaifera_lucens",0.105428571428571
"828","Copaifera_multijuga",0.123109589041096
"829","Copaifera_officinalis",0.313090909090909
"830","Copaifera_trapezifolia",0.134429906542056
"831","Coronilla_coronata",0.0990864745011087
"832","Coronilla_juncea",0.143422204847537
"833","Coronilla_minima",0.130920849557522
"834","Coronilla_repanda",0.105570866141732
"835","Coronilla_scorpioides",0.13796558042141
"836","Coronilla_vaginalis",0.0936953428201811
"837","Coronilla_valentina",0.130369304556355
"838","Coursetia_caribaea",0.206553210202287
"839","Coursetia_ferruginea",0.651367346938775
"840","Craibia_brevicaudata",0.216583333333333
"841","Cranocarpus_martii",0.074
"842","Cratylia_argentea",0.101726315789474
"843","Crotalaria_acicularis",0.53376
"844","Crotalaria_agatiflora",0.179241525423729
"845","Crotalaria_alata",0.21285409252669
"846","Crotalaria_albida",0.400333333333333
"847","Crotalaria_alexandri",0.22775
"848","Crotalaria_angulata",0.368647058823529
"849","Crotalaria_anthyllopsis",0.237076923076923
"850","Crotalaria_argyraea",0.0955227272727273
"851","Crotalaria_atrorubens",0.0984838709677419
"852","Crotalaria_axillaris",0.164143939393939
"853","Crotalaria_barkae",0.132125984251969
"854","Crotalaria_bongensis",0.0754545454545455
"855","Crotalaria_bracteata",0.510689655172414
"856","Crotalaria_brevidens",0.18439837398374
"857","Crotalaria_breviflora",0.134869565217391
"858","Crotalaria_brevis",0.0300149253731343
"859","Crotalaria_burkeana",0.0662111111111111
"860","Crotalaria_calycina",0.14797605893186
"861","Crotalaria_capensis",0.146665399239543
"862","Crotalaria_caudata",0.215962962962963
"863","Crotalaria_cephalotes",0.133712264150943
"864","Crotalaria_chinensis",0.348583333333333
"865","Crotalaria_cleomifolia",0.163027586206897
"866","Crotalaria_comosa",0.0965431034482759
"867","Crotalaria_cunninghamii",0.0312351598173515
"868","Crotalaria_damarensis",0.0839326923076923
"869","Crotalaria_deserticola",0.191589473684211
"870","Crotalaria_dissitiflora",0.0328508371385084
"871","Crotalaria_distans",0.0684033613445378
"872","Crotalaria_doidgeae",0.043
"873","Crotalaria_dura",0.0891627906976744
"874","Crotalaria_eremicola",0.0739318181818182
"875","Crotalaria_excisa",0.23
"876","Crotalaria_glauca",0.124864864864865
"877","Crotalaria_globifera",0.0561363636363636
"878","Crotalaria_goreensis",0.0595346901017578
"879","Crotalaria_holosericea",0.074
"880","Crotalaria_humifusa",0.188594594594595
"881","Crotalaria_humilis",0.23
"882","Crotalaria_hyssopifolia",0.110179190751445
"883","Crotalaria_incana",0.174574074074074
"884","Crotalaria_juncea",0.190041884816754
"885","Crotalaria_laburnifolia",0.145200779727096
"886","Crotalaria_lachnocarpoides",0.186967479674797
"887","Crotalaria_lachnophora",0.147429752066116
"888","Crotalaria_lanceolata",0.0888942202835333
"889","Crotalaria_linifolia",0.454042056074767
"890","Crotalaria_longirostrata",0.187447565543071
"891","Crotalaria_maypurensis",0.169058651026393
"892","Crotalaria_medicaginea",0.0522537851478009
"893","Crotalaria_micans",0.242950638297872
"894","Crotalaria_microcarpa",0.0833992467043318
"895","Crotalaria_mitchellii",0.0398888888888889
"896","Crotalaria_monteiroi",0.11001935483871
"897","Crotalaria_mysorensis",0.234872340425532
"898","Crotalaria_natalitia",0.185340909090909
"899","Crotalaria_nitens",0.541887434554974
"900","Crotalaria_novae-hollandiae",0.0307701149425286
"901","Crotalaria_obscura",0.188375
"902","Crotalaria_ochroleuca",0.126698275862069
"903","Crotalaria_pallida",0.178593225806451
"904","Crotalaria_paulina",0.307247933884297
"905","Crotalaria_perrottetii",0.0935921052631579
"906","Crotalaria_pilosa",0.261911330049261
"907","Crotalaria_pisicarpa",0.149303571428571
"908","Crotalaria_platysepala",0.0923174603174603
"909","Crotalaria_podocarpa",0.0931875
"910","Crotalaria_polysperma",0.202024691358025
"911","Crotalaria_prostrata",0.327084745762712
"912","Crotalaria_pumila",0.146121680049413
"913","Crotalaria_quinquefolia",0.228986842105263
"914","Crotalaria_recta",0.174962025316456
"915","Crotalaria_retusa",0.126268076923077
"916","Crotalaria_rogersii",0.213318181818182
"917","Crotalaria_sagittalis",0.112706024096386
"918","Crotalaria_saharae",0.125728260869565
"919","Crotalaria_senegalensis",0.131177570093458
"920","Crotalaria_sessiliflora",0.309911078717201
"921","Crotalaria_shirensis",0.17564
"922","Crotalaria_spartea",0.184741935483871
"923","Crotalaria_sphaerocarpa",0.113664
"924","Crotalaria_spinosa",0.175232558139535
"925","Crotalaria_stipularia",0.0983548387096774
"926","Crotalaria_subcapitata",0.132050279329609
"927","Crotalaria_tetragona",0.565898305084746
"928","Crotalaria_trichotoma",0.175183368869936
"929","Crotalaria_uncinella",0.230805084745763
"930","Crotalaria_vallicola",0.193352941176471
"931","Crotalaria_vasculosa",0.181229166666667
"932","Crotalaria_velutina",0.20821052631579
"933","Crotalaria_verrucosa",0.194304985337243
"934","Crotalaria_virgulata",0.131150326797386
"935","Crotalaria_vitellina",0.150264084507042
"936","Crotalaria_xanthoclada",0.202
"937","Crudia_amazonica",0.235842105263158
"938","Crudia_aromatica",0.0896333333333333
"939","Crudia_bracteata",0.2528
"940","Crudia_oblonga",0.245383561643836
"941","Crudia_tomentosa",0.104833333333333
"942","Cryptosepalum_maraviense",0.20906993006993
"943","Cullen_americanum",0.152016129032258
"944","Cullen_corylifolium",0.637516483516483
"945","Cullen_tomentosum",0.129033333333333
"946","Cyamopsis_serrata",0.125517857142857
"947","Cyamopsis_tetragonoloba",0.575818181818182
"948","Cyclopia_buxifolia",0.23
"949","Cyclopia_galioides",0.23
"950","Cyclopia_genistoides",0.23
"951","Cyclopia_intermedia",0.23
"952","Cyclopia_maculata",0.23
"953","Cyclopia_meyeriana",0.23
"954","Cyclopia_pubescens",0.23
"955","Cylicodiscus_gabunensis",0.0768771929824562
"956","Cymbosema_roseum",0.376893939393939
"957","Cynometra_cauliflora",0.33552
"958","Cynometra_hankei",0.138868421052632
"959","Cynometra_retusa",0.128478260869565
"960","Cytisophyllum_sessilifolium",0.120293325168401
"961","Cytisus_arboreus",0.15528895612708
"962","Cytisus_balansae",0.169412844036697
"963","Cytisus_decumbens",0.116423400129282
"964","Cytisus_multiflorus",0.113985148514852
"965","Cytisus_proliferus",NA
"966","Cytisus_scoparius",0.0804196860566298
"967","Cytisus_striatus",0.113421189591079
"968","Cytisus_supranubius",0.06
"969","Cytisus_villosus",0.0978733572281957
"970","Dahlstedtia_pinnata",0.133568181818182
"971","Dalbergia_arbutifolia",0.24583908045977
"972","Dalbergia_armata",0.054767175572519
"973","Dalbergia_assamica",0.519332
"974","Dalbergia_baronii",0.202
"975","Dalbergia_benthamii",0.340194805194805
"976","Dalbergia_boehmii",0.203460869565217
"977","Dalbergia_brasiliensis",0.128056451612903
"978","Dalbergia_candenatensis",0.276075268817204
"979","Dalbergia_chapelieri",0.202
"980","Dalbergia_cultrata",0.516746987951807
"981","Dalbergia_dyeriana",0.553747663551402
"982","Dalbergia_ecastaphyllum",0.11101018922853
"983","Dalbergia_fischeri",0.229375
"984","Dalbergia_frutescens",0.151635334088335
"985","Dalbergia_hainanensis",0.148
"986","Dalbergia_hancei",0.456953488372093
"987","Dalbergia_horrida",0.699
"988","Dalbergia_hupeana",0.454606896551724
"989","Dalbergia_inundata",0.26932183908046
"990","Dalbergia_lactea",0.181857142857143
"991","Dalbergia_lanceolaria",0.64055462184874
"992","Dalbergia_latifolia",0.495211538461538
"993","Dalbergia_louvelii",0.202
"994","Dalbergia_madagascariensis",0.202
"995","Dalbergia_melanoxylon",0.165671445639188
"996","Dalbergia_millettii",0.574641025641026
"997","Dalbergia_miscolobium",0.110292682926829
"998","Dalbergia_monticola",0.202
"999","Dalbergia_nigra",0.128026315789474
"1000","Dalbergia_nitidula",0.230031496062992
"1001","Dalbergia_obovata",0.0914325581395349
"1002","Dalbergia_odorifera",0.358833333333333
"1003","Dalbergia_oligophylla",0.116857142857143
"1004","Dalbergia_oliveri",0.538141304347826
"1005","Dalbergia_ovata",0.759373134328358
"1006","Dalbergia_pinnata",0.500767772511848
"1007","Dalbergia_purpurascens",0.202
"1008","Dalbergia_retusa",0.086515
"1009","Dalbergia_riedelii",0.204851428571429
"1010","Dalbergia_riparia",0.221309523809524
"1011","Dalbergia_sericea",0.498403225806452
"1012","Dalbergia_sissoo",0.397825925925926
"1013","Dalbergia_spruceana",0.159777777777778
"1014","Dalbergia_stipulacea",0.619783216783217
"1015","Dalbergia_subcymosa",0.138392857142857
"1016","Dalbergia_trichocarpa",0.202
"1017","Dalbergia_tsoi",0.182545454545455
"1018","Dalbergia_villosa",0.147389830508475
"1019","Dalea_albiflora",0.0421736111111112
"1020","Dalea_aurea",0.0327304812834224
"1021","Dalea_candida",0.0244150681123159
"1022","Dalea_cliffortiana",0.177432773109244
"1023","Dalea_compacta",0.0384558303886926
"1024","Dalea_flavescens",0.0266896551724138
"1025","Dalea_formosa",0.0394101983002833
"1026","Dalea_frutescens",0.057885775862069
"1027","Dalea_leporina",0.111790046656299
"1028","Dalea_lumholtzii",0.0791162790697675
"1029","Dalea_lutea",0.152754854368932
"1030","Dalea_mollis",0.0594786418400873
"1031","Dalea_mollissima",0.0435509822263798
"1032","Dalea_multiflora",0.0290023752969121
"1033","Dalea_phleoides",0.0393934426229508
"1034","Dalea_pogonathera",0.0679256329113924
"1035","Dalea_polygonoides",0.0394508670520231
"1036","Dalea_purpurea",0.0219990608123973
"1037","Dalea_scandens",0.123396226415094
"1038","Dalea_tenuis",0.039
"1039","Dalea_tomentosa",0.20319
"1040","Dalea_villosa",0.0189910071942446
"1041","Dalea_wrightii",0.0755789473684211
"1042","Dalhousiea_africana",0.111134615384615
"1043","Daniellia_oliveri",0.0505066127847163
"1044","Daniellia_thurifera",0.075063829787234
"1045","Daviesia_acicularis",0.0365795601552393
"1046","Daviesia_benthamii",0.053
"1047","Daviesia_brevifolia",0.0147343676539727
"1048","Daviesia_buxifolia",0.0240790960451977
"1049","Daviesia_cordata",0.053
"1050","Daviesia_corymbosa",0.036
"1051","Daviesia_decurrens",0.053
"1052","Daviesia_flexuosa",0.053
"1053","Daviesia_genistifolia",0.0330329163923634
"1054","Daviesia_hakeoides",0.053
"1055","Daviesia_horrida",0.053
"1056","Daviesia_leptophylla",0.0199520931273785
"1057","Daviesia_nudiflora",0.053
"1058","Daviesia_pectinata",0.0151079812206573
"1059","Daviesia_teretifolia",0.053
"1060","Daviesia_ulicifolia",0.0255811284046689
"1061","Daviesia_umbellulata",0.0391700819672131
"1062","Decorsea_schlechteri",0.218155844155844
"1063","Deguelia_scandens",0.3946875
"1064","Delonix_elata",0.283574626865672
"1065","Dendrolobium_dispermum",0.114
"1066","Dendrolobium_triangulare",0.448991404011461
"1067","Dendrolobium_umbellatum",0.235602649006623
"1068","Derris_elliptica",0.366228260869565
"1069","Derris_marginata",0.499607142857143
"1070","Derris_trifoliata",0.249251054852321
"1071","Desmanthus_illinoensis",0.0303794523867218
"1072","Desmanthus_leptolobus",0.0357272727272727
"1073","Desmanthus_velutinus",0.0438869863013699
"1074","Desmanthus_virgatus",0.154063800277393
"1075","Desmodium_affine",0.138014150943396
"1076","Desmodium_axillare",0.220759018759019
"1077","Desmodium_batocaulon",0.0547247191011236
"1078","Desmodium_cajanifolium",0.344241830065359
"1079","Desmodium_canadense",0.021437802907916
"1080","Desmodium_canescens",0.0372449856733524
"1081","Desmodium_ciliare",0.045556768558952
"1082","Desmodium_cinereum",0.21430701754386
"1083","Desmodium_cuneatum",0.0735460122699386
"1084","Desmodium_cuspidatum",0.0228353658536585
"1085","Desmodium_distortum",0.163723014256619
"1086","Desmodium_gangeticum",NA
"1087","Desmodium_glabrum",0.160534441805226
"1088","Desmodium_grahamii",0.115918681318681
"1089","Desmodium_illinoense",0.0170876897133221
"1090","Desmodium_infractum",0.15211013215859
"1091","Desmodium_intortum",0.218011655011656
"1092","Desmodium_laevigatum",0.0468476821192053
"1093","Desmodium_laxiflorum",NA
"1094","Desmodium_leiocarpum",0.100472
"1095","Desmodium_marilandicum",0.034244
"1096","Desmodium_molliculum",0.397702857142858
"1097","Desmodium_nicaraguense",0.135089947089947
"1098","Desmodium_paniculatum",0.0407726967047747
"1099","Desmodium_procumbens",0.147062260536398
"1100","Desmodium_retinens",0.160333333333333
"1101","Desmodium_rotundifolium",0.0441865942028985
"1102","Desmodium_scorpiurus",0.194765161290323
"1103","Desmodium_sessilifolium",0.0250842490842491
"1104","Desmodium_tortuosum",0.135889974293059
"1105","Desmodium_uncinatum",0.183402131782946
"1106","Desmodium_viridiflorum",0.0513241106719367
"1107","Dewevrea_bilabiata",0.155416666666667
"1108","Dialium_englerianum",0.185857142857143
"1109","Dialium_guianense",0.322118361153263
"1110","Dialium_pachyphyllum",0.118751020408163
"1111","Dialium_schlechteri",0.143466666666667
"1112","Dialium_zenkeri",0.136
"1113","Dichilus_lebeckioides",0.0580625
"1114","Dichilus_strictus",0.074
"1115","Dichrostachys_spicata",0.0281771217712177
"1116","Dicorynia_guianensis",0.0834
"1117","Dicorynia_paraensis",0.431413333333333
"1118","Didelotia_africana",0.0779230769230769
"1119","Dillwynia_brunioides",0.036
"1120","Dillwynia_cinerascens",0.0164194174757282
"1121","Dillwynia_divaricata",0.053
"1122","Dillwynia_floribunda",0.0360116279069767
"1123","Dillwynia_glaberrima",0.0182940500143719
"1124","Dillwynia_hispida",0.0149339963833635
"1125","Dillwynia_juniperina",0.0216050420168067
"1126","Dillwynia_ramosissima",0.0271450381679389
"1127","Dillwynia_retorta",0.0360254739336493
"1128","Dillwynia_uncinata",0.0269868421052631
"1129","Dimorphandra_macrostachya",0.255495238095238
"1130","Dimorphandra_mollis",0.0981215469613258
"1131","Dimorphandra_parviflora",0.116153846153846
"1132","Dimorphandra_vernicosa",0.441840909090909
"1133","Dinizia_excelsa",0.117168316831683
"1134","Dioclea_guianensis",0.292101876675603
"1135","Dioclea_sericea",0.827
"1136","Dioclea_virgata",0.195312339331619
"1137","Diphysa_americana",0.146866336633663
"1138","Diphysa_carthagenensis",0.248504225352112
"1139","Diplotropis_brasiliensis",0.117923076923077
"1140","Diplotropis_incexis",0.0873913043478261
"1141","Diplotropis_purpurea",0.340957547169811
"1142","Diplotropis_triloba",0.127642857142857
"1143","Dipogon_lignosus",0.103870967741935
"1144","Dipteryx_magnifica",0.325297297297297
"1145","Dipteryx_odorata",0.178690763052209
"1146","Dipteryx_punctata",0.295842105263158
"1147","Diptychandra_aurantiaca",0.0951498127340824
"1148","Distemonanthus_benthamianus",0.0805275862068966
"1149","Dolichopsis_paraguariensis",0.0901864406779661
"1150","Dolichos_falciformis",0.0836181818181818
"1151","Dolichos_kilimandscharicus",0.229699074074074
"1152","Dolichos_linearis",0.0734565217391304
"1153","Dolichos_oliveri",0.179123076923077
"1154","Dolichos_sericeus",0.187639455782313
"1155","Dolichos_trilobus",0.159116279069767
"1156","Dolichos_trinervatus",0.269422018348624
"1157","Droogmansia_pteropus",0.228315151515152
"1158","Dumasia_truncata",0.0812607223476298
"1159","Dumasia_villosa",0.256208812260536
"1160","Dunbaria_villosa",0.164899755501223
"1161","Duparquetia_orchidacea",0.0939885714285714
"1162","Ebenopsis_confinis",0.119
"1163","Ebenus_pinnata",0.258982300884956
"1164","Elephantorrhiza_burkei",0.047969465648855
"1165","Elephantorrhiza_goetzei",0.218047169811321
"1166","Elephantorrhiza_suffruticosa",0.117372093023256
"1167","Eminia_antennulifera",0.280106060606061
"1168","Entada_abyssinica",0.0929750312109862
"1169","Entada_arenaria",0.190833333333333
"1170","Entada_chrysostachys",0.208352941176471
"1171","Entada_phaseoloides",0.292793774319066
"1172","Entada_polystachya",0.245908925318761
"1173","Enterolobium_contortisiliquum",0.0929422835633627
"1174","Enterolobium_cyclocarpum",0.425187312687313
"1175","Enterolobium_gummiferum",0.100841666666667
"1176","Enterolobium_maximum",0.112379310344828
"1177","Enterolobium_schomburgkii",0.342844444444444
"1178","Eperua_bijuga",0.125
"1179","Eperua_duckeana",0.125
"1180","Eperua_falcata",0.0977356321839081
"1181","Eperua_glabriflora",0.125
"1182","Eperua_grandiflora",0.0986103896103896
"1183","Eperua_rubiginosa",0.099015037593985
"1184","Erichsenia_uncinata",0.053
"1185","Eriosema_buchananii",0.219971428571429
"1186","Eriosema_burkei",0.136333333333333
"1187","Eriosema_chrysadenium",0.19755737704918
"1188","Eriosema_cordatum",0.0545816326530612
"1189","Eriosema_crinitum",0.213206956521739
"1190","Eriosema_ellipticifolium",0.0427735849056604
"1191","Eriosema_ellipticum",0.242833333333333
"1192","Eriosema_englerianum",0.240912280701754
"1193","Eriosema_heterophyllum",0.123958115183246
"1194","Eriosema_kraussianum",0.0717345971563981
"1195","Eriosema_montanum",0.167275675675676
"1196","Eriosema_nutans",0.114524390243902
"1197","Eriosema_pauciflorum",0.181348484848485
"1198","Eriosema_rufum",0.175581818181818
"1199","Eriosema_salignum",0.0605154320987653
"1200","Eriosema_shirense",0.218166666666667
"1201","Eriosema_simplicifolium",0.323233870967742
"1202","Eriosema_squarrosum",0.182155172413793
"1203","Eriosema_violaceum",0.227881578947368
"1204","Erythrina_abyssinica",0.243599099099099
"1205","Erythrina_americana",0.169789237668161
"1206","Erythrina_arborescens",0.597817073170732
"1207","Erythrina_berteroana",0.183418397626113
"1208","Erythrina_brucei",0.161
"1209","Erythrina_corallodendron",0.0561
"1210","Erythrina_costaricensis",0.320573964497042
"1211","Erythrina_crista-galli",0.0713390585241731
"1212","Erythrina_edulis",0.564546637744034
"1213","Erythrina_excelsa",0.164288888888889
"1214","Erythrina_falcata",0.143761609907121
"1215","Erythrina_folkersii",0.133801724137931
"1216","Erythrina_fusca",0.4363559602649
"1217","Erythrina_herbacea",0.0407045944005743
"1218","Erythrina_humeana",0.0876891191709844
"1219","Erythrina_lanata",0.219486111111111
"1220","Erythrina_lanceolata",0.0917441860465116
"1221","Erythrina_latissima",0.113067669172932
"1222","Erythrina_lysistemon",0.0850941475826972
"1223","Erythrina_poeppigiana",0.480166
"1224","Erythrina_rubrinervia",0.753219178082192
"1225","Erythrina_sandwicensis",0.032
"1226","Erythrina_speciosa",0.13289029535865
"1227","Erythrina_stricta",0.640985507246377
"1228","Erythrina_suberosa",0.687756756756757
"1229","Erythrina_subumbrans",0.441776315789474
"1230","Erythrina_variegata",0.348615131578947
"1231","Erythrina_velutina",0.139587248322148
"1232","Erythrina_verna",0.132
"1233","Erythrina_vespertilio",0.0325889101338432
"1234","Erythrina_zeyheri",0.043563829787234
"1235","Erythrophleum_africanum",0.138882978723404
"1236","Erythrophleum_lasianthum",0.1
"1237","Euchilopsis_linearis",0.053
"1238","Euchresta_japonica",0.107108108108108
"1239","Eutaxia_microphylla",0.0170894245723172
"1240","Eutaxia_virgata",0.053
"1241","Exostyles_venusta",0.124285714285714
"1242","Faidherbia_albida",0.129389891696751
"1243","Flemingia_grahamiana",0.228080536912752
"1244","Flemingia_lineata",0.121394402035623
"1245","Flemingia_macrophylla",0.418809677419355
"1246","Flemingia_strobilifera",0.333505249343832
"1247","Galactia_canescens",0.0497857142857143
"1248","Galactia_dubia",0.0807872340425532
"1249","Galactia_jussiaeana",0.24466220735786
"1250","Galactia_latisiliqua",0.112875862068966
"1251","Galactia_megalophylla",0.02
"1252","Galactia_regularis",0.0398776859504132
"1253","Galactia_spiciformis",0.124105882352941
"1254","Galactia_striata",0.100205193855158
"1255","Galactia_tenuiflora",NA
"1256","Galega_officinalis",0.108383399980493
"1257","Galega_orientalis",0.0496684961580681
"1258","Gastrolobium_bilobum",0.053
"1259","Gastrolobium_crassifolium",0.053
"1260","Gastrolobium_parviflorum",0.053
"1261","Gastrolobium_spinosum",0.053
"1262","Gastrolobium_trilobum",0.053
"1263","Gastrolobium_velutinum",0.053
"1264","Gastrolobium_villosum",0.0527272727272727
"1265","Geissaspis_cristata",0.69778125
"1266","Genista_anglica",0.0651238658374967
"1267","Genista_canariensis",0.0536315789473684
"1268","Genista_cinerea",0.129346708006565
"1269","Genista_falcata",0.108206521739131
"1270","Genista_ferox",0.239
"1271","Genista_florida",0.143743553008596
"1272","Genista_germanica",0.0963478316985031
"1273","Genista_hispanica",0.131637488835013
"1274","Genista_linifolia",0.0632692307692307
"1275","Genista_monspessulana",0.0486876621504742
"1276","Genista_pilosa",0.0956462141514345
"1277","Genista_radiata",0.125268085106383
"1278","Genista_sagittalis",0.110126262943207
"1279","Genista_stenopetala",0.037703557312253
"1280","Genista_tenera",0.028
"1281","Genista_tinctoria",0.0961390898620903
"1282","Genista_tricuspidata",0.156531428571429
"1283","Gilbertiodendron_mayombense",0.117157894736842
"1284","Gleditsia_amorphoides",0.0780795454545454
"1285","Gleditsia_australis",0.423
"1286","Gleditsia_fera",0.400733333333333
"1287","Gleditsia_japonica",0.242883458646617
"1288","Gleditsia_triacanthos",0.0605332264743198
"1289","Gliricidia_sepium",0.406316941990011
"1290","Glycine_canescens",0.0303791366906474
"1291","Glycine_clandestina",0.031755313092978
"1292","Glycine_falcata",0.0323995037220844
"1293","Glycine_max",0.160008779631255
"1294","Glycine_microphylla",0.0343398187633262
"1295","Glycine_tabacina",0.0348808129215478
"1296","Glycine_tomentella",0.0426204262163249
"1297","Glycyrrhiza_acanthocarpa",0.0274610778443114
"1298","Glycyrrhiza_echinata",0.126305433186491
"1299","Glycyrrhiza_glabra",0.153715043074884
"1300","Glycyrrhiza_lepidota",0.0245124845488257
"1301","Glycyrrhiza_pallidiflora",0.240975903614458
"1302","Glycyrrhiza_uralensis",0.114275049115914
"1303","Gompholobium_confertum",0.053
"1304","Gompholobium_grandiflorum",0.036
"1305","Gompholobium_huegelii",0.0235099337748343
"1306","Gompholobium_knightianum",0.0529299820466786
"1307","Gompholobium_latifolium",0.0348153618906943
"1308","Gompholobium_marginatum",0.053
"1309","Gompholobium_minus",0.036
"1310","Gompholobium_pinnatum",0.0381682051282051
"1311","Gompholobium_polymorphum",0.053
"1312","Gompholobium_scabrum",0.053
"1313","Gompholobium_subulatum",0.0218632371392723
"1314","Gompholobium_tomentosum",0.053
"1315","Gompholobium_venustum",0.053
"1316","Gompholobium_virgatum",0.0385814479638009
"1317","Goniorrhachis_marginata",0.093712
"1318","Goodia_lotifolia",0.0230618992695118
"1319","Gueldenstaedtia_verna",0.150927272727273
"1320","Guibourtia_chodatiana",0.159181818181818
"1321","Guibourtia_coleosperma",0.248460227272727
"1322","Guibourtia_conjugata",0.234852459016393
"1323","Gymnocladus_chinensis",0.473408163265306
"1324","Haematoxylum_campechianum",0.12724833997344
"1325","Hardenbergia_comptoniana",0.0522391048292108
"1326","Hardenbergia_violacea",0.0304527120616099
"1327","Harleyodendron_unifoliolatum",0.074
"1328","Havardia_albicans",0.132697740112994
"1329","Havardia_mexicana",0.11966
"1330","Havardia_pallens",0.141336048879837
"1331","Hebestigma_cubense",0.218
"1332","Hedysarum_alpinum",0.0446146971201588
"1333","Hedysarum_boreale",0.0237274774774775
"1334","Hedysarum_caucasicum",0.157065088757396
"1335","Hedysarum_ferganense",0.224972972972973
"1336","Hedysarum_hedysaroides",0.0707819122720553
"1337","Hedysarum_occidentale",0.0259263157894737
"1338","Hedysarum_polybotrys",0.38369696969697
"1339","Hedysarum_spinosissimum",NA
"1340","Hedysarum_vicioides",0.0885368852459017
"1341","Heterostemon_ellipticus",0.377692307692308
"1342","Heterostemon_mimosoides",0.433487804878049
"1343","Hippocrepis_areolata",0.116348837209302
"1344","Hippocrepis_comosa",0.105109358634711
"1345","Hippocrepis_emerus",0.11789582010582
"1346","Hippocrepis_multisiliquosa",0.136109913793103
"1347","Hippocrepis_unisiliquosa",0.119334340382679
"1348","Hoffmannseggia_glauca",0.064769825918762
"1349","Hoffmannseggia_microphylla",0.0628595194085029
"1350","Hoita_macrostachya",0.0447046728971963
"1351","Hoita_orbicularis",0.0468
"1352","Hovea_acutifolia",0.0410810810810811
"1353","Hovea_elliptica",0.053
"1354","Hovea_linearis",0.0359978199937714
"1355","Hovea_longifolia",0.036
"1356","Hovea_pungens",0.053
"1357","Hovea_trisperma",0.0527908847184987
"1358","Hydrochorea_corymbosa",0.276637130801688
"1359","Hydrochorea_gonggrijpii",0.33425
"1360","Hydrochorea_marginata",0.292911764705882
"1361","Hylodendron_gabunense",0.0965594405594406
"1362","Hylodesmum_podocarpum",0.148184910327769
"1363","Hylodesmum_repandum",0.220782222222222
"1364","Hymenaea_aurea",0.104333333333333
"1365","Hymenaea_courbaril",0.232907231920201
"1366","Hymenaea_eriogyne",0.093349593495935
"1367","Hymenaea_intermedia",0.304620253164557
"1368","Hymenaea_martiana",0.0964743083003953
"1369","Hymenaea_parvifolia",0.179644970414201
"1370","Hymenaea_reticulata",0.479589743589744
"1371","Hymenaea_rubriflora",0.074
"1372","Hymenaea_stigonocarpa",0.0883374655647381
"1373","Hymenaea_verrucosa",0.198850649350649
"1374","Hymenolobium_alagoanum",0.08555
"1375","Hymenolobium_excelsum",0.2755
"1376","Hymenolobium_heterocarpum",0.347767441860465
"1377","Hymenolobium_janeirense",0.115351851851852
"1378","Hymenolobium_modestum",0.125
"1379","Hymenolobium_nitidum",0.111782608695652
"1380","Hymenolobium_petraeum",0.251365853658537
"1381","Hypocalyptus_coluteoides",0.23
"1382","Hypocalyptus_oxalidifolius",0.23
"1383","Hypocalyptus_sophoroides",0.23
"1384","Indigastrum_argyroides",0.161703125
"1385","Indigastrum_burkeanum",0.0441698113207547
"1386","Indigastrum_costatum",0.101307692307692
"1387","Indigastrum_parviflorum",0.0438962655601661
"1388","Indigofera_adenoides",0.04404
"1389","Indigofera_alopecuroides",0.23
"1390","Indigofera_alternans",0.160799450549451
"1391","Indigofera_amblyantha",0.355842105263158
"1392","Indigofera_angustata",0.23
"1393","Indigofera_angustifolia",0.228785714285714
"1394","Indigofera_argentea",0.0973488372093023
"1395","Indigofera_arrecta",0.149866498740554
"1396","Indigofera_asperifolia",0.0926806722689076
"1397","Indigofera_astragalina",0.100418660287081
"1398","Indigofera_atropurpurea",0.520805084745763
"1399","Indigofera_auricoma",0.102679104477612
"1400","Indigofera_australis",0.029537092624357
"1401","Indigofera_bainesii",0.0540147058823529
"1402","Indigofera_brachystachya",0.23
"1403","Indigofera_brevidens",0.040859872611465
"1404","Indigofera_bungeana",0.185198070374574
"1405","Indigofera_candicans",0.23
"1406","Indigofera_capillaris",0.23
"1407","Indigofera_caroliniana",0.0392482269503546
"1408","Indigofera_cassioides",0.564650793650794
"1409","Indigofera_circinella",0.118536585365854
"1410","Indigofera_circinnata",0.0538484848484848
"1411","Indigofera_comosa",0.0447692307692308
"1412","Indigofera_cordifolia",0.27755
"1413","Indigofera_cryptantha",0.0690366972477064
"1414","Indigofera_cuneifolia",0.196020408163265
"1415","Indigofera_cytisoides",0.23
"1416","Indigofera_daleoides",0.0903886462882096
"1417","Indigofera_denudata",0.23
"1418","Indigofera_digitata",0.23
"1419","Indigofera_dimidiata",0.0797425742574258
"1420","Indigofera_dosua",0.478677419354839
"1421","Indigofera_dregeana",0.0443513513513513
"1422","Indigofera_emarginella",0.1976015625
"1423","Indigofera_eriocarpa",0.045
"1424","Indigofera_filicaulis",0.23
"1425","Indigofera_filifolia",0.23
"1426","Indigofera_filiformis",0.23
"1427","Indigofera_filipes",0.0561307692307692
"1428","Indigofera_flabellata",0.23
"1429","Indigofera_flavicans",0.11849593495935
"1430","Indigofera_fortunei",0.435224137931034
"1431","Indigofera_frutescens",0.23
"1432","Indigofera_fulvopilosa",0.106719101123596
"1433","Indigofera_galegoides",0.395544303797468
"1434","Indigofera_garckeana",0.0808113207547169
"1435","Indigofera_glandulosa",0.16706
"1436","Indigofera_glomerata",0.23
"1437","Indigofera_hedyantha",0.0959618644067797
"1438","Indigofera_hendecaphylla",0.181512280701754
"1439","Indigofera_heterophylla",0.23
"1440","Indigofera_heterotricha",0.114944237918216
"1441","Indigofera_hilaris",0.0920183486238533
"1442","Indigofera_hirsuta",0.0890199072811561
"1443","Indigofera_hispida",0.23
"1444","Indigofera_holubii",0.086031746031746
"1445","Indigofera_humifusa",0.23
"1446","Indigofera_incana",0.228984693877551
"1447","Indigofera_inhambanensis",0.102571428571429
"1448","Indigofera_kirilowii",0.105933766233766
"1449","Indigofera_langebergensis",0.23
"1450","Indigofera_lespedezioides",0.21349547920434
"1451","Indigofera_linifolia",0.0564129901960786
"1452","Indigofera_longibarbata",NA
"1453","Indigofera_lupatana",0.141602941176471
"1454","Indigofera_lyallii",0.198379310344828
"1455","Indigofera_mauritanica",0.23
"1456","Indigofera_melanadenia",0.0526375
"1457","Indigofera_meyeriana",0.23
"1458","Indigofera_microcarpa",0.101083333333333
"1459","Indigofera_mimosoides",0.214777777777778
"1460","Indigofera_miniata",0.0740961455175399
"1461","Indigofera_mollicoma",0.042875
"1462","Indigofera_nigromontana",0.193340909090909
"1463","Indigofera_nummulariifolia",0.11736231884058
"1464","Indigofera_oblongifolia",0.160803571428571
"1465","Indigofera_ormocarpoides",0.211130434782609
"1466","Indigofera_ovata",0.23
"1467","Indigofera_oxalidea",0.0628955223880597
"1468","Indigofera_oxytropis",0.0431367521367521
"1469","Indigofera_porrecta",0.23
"1470","Indigofera_pratensis",0.0389227129337539
"1471","Indigofera_procumbens",0.23
"1472","Indigofera_psoraloides",0.23
"1473","Indigofera_pulchra",0.0572061281337047
"1474","Indigofera_reticulata",0.642039215686275
"1475","Indigofera_rhynchocarpa",0.180589743589744
"1476","Indigofera_rhytidocarpa",0.0892542372881356
"1477","Indigofera_rostrata",0.0460909090909091
"1478","Indigofera_sanguinea",0.0429593495934959
"1479","Indigofera_schimperi",0.13788038277512
"1480","Indigofera_senegalensis",0.0621305263157895
"1481","Indigofera_sessiliflora",0.0712018348623853
"1482","Indigofera_sessilifolia",0.191516339869281
"1483","Indigofera_setiflora",0.2314
"1484","Indigofera_sordida",0.0593846153846154
"1485","Indigofera_sphaerocarpa",0.051375
"1486","Indigofera_spicata",0.0671244541484714
"1487","Indigofera_stenophylla",0.0645984848484848
"1488","Indigofera_stricta",0.23
"1489","Indigofera_strobilifera",0.140547169811321
"1490","Indigofera_suffruticosa",0.194224481964697
"1491","Indigofera_sulcata",0.23
"1492","Indigofera_swaziensis",0.115686440677966
"1493","Indigofera_tenuissima",0.045
"1494","Indigofera_tinctoria",0.172720731707317
"1495","Indigofera_torulosa",0.0869016393442623
"1496","Indigofera_tristis",0.0697464788732394
"1497","Indigofera_tristoides",0.0426617647058824
"1498","Indigofera_velutina",0.058425
"1499","Indigofera_vicioides",0.126418300653595
"1500","Indigofera_williamsonii",0.0585116279069767
"1501","Indigofera_woodii",0.0957843137254902
"1502","Indigofera_zollingeriana",0.334972222222222
"1503","Inga_acreana",0.464308016877637
"1504","Inga_acrocephala",0.443815573770492
"1505","Inga_acuminata",0.418275362318841
"1506","Inga_alba",0.416863368669024
"1507","Inga_blanchetiana",0.074
"1508","Inga_capitata",0.240604910714286
"1509","Inga_cayennensis",0.2764921875
"1510","Inga_chocoensis",0.221291666666667
"1511","Inga_cinnamomea",0.480389534883721
"1512","Inga_cordatoalata",0.45416091954023
"1513","Inga_cordistipula",0.151
"1514","Inga_densiflora",0.438922330097088
"1515","Inga_disticha",0.111027972027972
"1516","Inga_edulis",0.409369499698614
"1517","Inga_fastuosa",0.5635
"1518","Inga_graciliflora",0.192076923076923
"1519","Inga_gracilifolia",0.452532710280374
"1520","Inga_hayesii",0.499785714285714
"1521","Inga_heterophylla",0.396349907918969
"1522","Inga_hispida",0.143450980392157
"1523","Inga_huberi",0.120840909090909
"1524","Inga_ingoides",0.229024330900244
"1525","Inga_lateriflora",0.143673913043478
"1526","Inga_laurina",0.16076420233463
"1527","Inga_lentiscifolia",0.106
"1528","Inga_longiflora",0.354909090909091
"1529","Inga_macrophylla",0.448613445378151
"1530","Inga_maritima",0.188555555555556
"1531","Inga_mortoniana",0.114909090909091
"1532","Inga_nobilis",0.329185678601165
"1533","Inga_obidensis",0.130510638297872
"1534","Inga_oerstediana",0.320336065573771
"1535","Inga_panurensis",0.285457142857143
"1536","Inga_paraensis",0.121637168141593
"1537","Inga_paterno",0.158748466257669
"1538","Inga_pezizifera",0.421877840909091
"1539","Inga_pilosula",0.319493055555556
"1540","Inga_punctata",0.310181208053691
"1541","Inga_rubiginosa",0.245350877192982
"1542","Inga_sertulifera",0.317083067092652
"1543","Inga_sessilis",0.136496875
"1544","Inga_spectabilis",0.524773242630386
"1545","Inga_splendens",0.204668831168831
"1546","Inga_stipularis",0.26193137254902
"1547","Inga_thibaudiana",0.325149116607774
"1548","Inga_tonduzii",0.111205479452055
"1549","Inga_umbellifera",0.386643968871596
"1550","Inga_uraguensis",0.0640366972477064
"1551","Inga_velutina",0.41919387755102
"1552","Inga_vera",0.211048844884489
"1553","Inga_vulpina",0.143986842105263
"1554","Inocarpus_fagifer",0.27749696969697
"1555","Intsia_palembanica",0.389528735632184
"1556","Isoberlinia_angolensis",0.223816513761468
"1557","Isotropis_atropurpurea",0.0320085959885387
"1558","Isotropis_cuneifolia",0.053
"1559","Isotropis_juncea",0.053
"1560","Jacksonia_capitata",0.053
"1561","Jacksonia_dilatata",0.0203154285714286
"1562","Jacksonia_floribunda",0.053
"1563","Jacksonia_furcellata",0.053
"1564","Jacksonia_hakeoides",0.053
"1565","Jacksonia_horrida",0.053
"1566","Jacksonia_scoparia",0.0380216535433071
"1567","Jacksonia_sericea",0.053
"1568","Jacksonia_spinosa",0.053
"1569","Jacksonia_sternbergiana",0.053
"1570","Julbernardia_globiflora",0.237012787723785
"1571","Julbernardia_paniculata",0.276720930232558
"1572","Kennedia_carinata",0.053
"1573","Kennedia_coccinea",0.053
"1574","Kennedia_glabrata",0.053
"1575","Kennedia_nigricans",0.0458021978021978
"1576","Kennedia_prorepens",0.0407784615384615
"1577","Kennedia_prostrata",0.0208895819285232
"1578","Kennedia_rubicunda",0.0330969492794309
"1579","Kennedia_stirlingii",0.053
"1580","Koompassia_malaccensis",0.449294117647059
"1581","Kotschya_strigosa",0.186368715083799
"1582","Kotschya_strobilantha",0.254837209302326
"1583","Kotschya_thymodora",0.232938461538462
"1584","Kummerowia_stipulacea",0.115736440030558
"1585","Kummerowia_striata",0.095020643729189
"1586","Lablab_purpureus",0.303208888888889
"1587","Laburnum_alpinum",0.117477627471384
"1588","Laburnum_anagyroides",0.0996029304029307
"1589","Lamprolobium_fruticosum",0.043
"1590","Lathyrus_angulatus",0.11283685003768
"1591","Lathyrus_annuus",0.147307536671724
"1592","Lathyrus_aphaca",0.130019020605658
"1593","Lathyrus_brachycalyx",0.0264181818181818
"1594","Lathyrus_cicera",0.15191004406625
"1595","Lathyrus_clymenum",0.126021894093687
"1596","Lathyrus_davidii",0.0994816446402347
"1597","Lathyrus_eucosmus",0.0251077844311377
"1598","Lathyrus_graminifolius",0.034
"1599","Lathyrus_hirsutus",0.10394703972021
"1600","Lathyrus_humilis",0.0417528
"1601","Lathyrus_inconspicuus",0.289008938547487
"1602","Lathyrus_japonicus",0.051797150041911
"1603","Lathyrus_jepsonii",0.043
"1604","Lathyrus_komarovii",0.0404258373205742
"1605","Lathyrus_lanszwertii",0.0240737893927748
"1606","Lathyrus_latifolius",0.0828175343981175
"1607","Lathyrus_linifolius",0.10637113682777
"1608","Lathyrus_littoralis",0.0323975903614458
"1609","Lathyrus_magellanicus",0.153443514644351
"1610","Lathyrus_marmoratus",0.112390804597701
"1611","Lathyrus_nevadensis",0.0260657507360157
"1612","Lathyrus_niger",0.10895378247873
"1613","Lathyrus_nissolia",0.0982128460417675
"1614","Lathyrus_ochroleucus",0.0182992248062015
"1615","Lathyrus_ochrus",0.117634201585504
"1616","Lathyrus_odoratus",0.102861261261261
"1617","Lathyrus_palustris",0.0841038348607532
"1618","Lathyrus_pisiformis",0.0445135135135134
"1619","Lathyrus_pratensis",0.0910446976964734
"1620","Lathyrus_pseudocicera",0.186199203187251
"1621","Lathyrus_pusillus",0.034
"1622","Lathyrus_sativus",0.239644594594595
"1623","Lathyrus_sphaericus",0.123272498060512
"1624","Lathyrus_sylvestris",0.0942449346347646
"1625","Lathyrus_tingitanus",0.0724981595092023
"1626","Lathyrus_tuberosus",0.0887536101452221
"1627","Lathyrus_venosus",0.0223229291716686
"1628","Lathyrus_vernus",0.0967253680409514
"1629","Lebeckia_gracilis",0.23
"1630","Lebeckia_pauciflora",0.23
"1631","Lebeckia_plukenetiana",0.23
"1632","Lebeckia_sepiaria",0.23
"1633","Lebeckia_wrightii",0.23
"1634","Lecointea_amazonica",0.2675
"1635","Leptoderris_nobilis",0.178857142857143
"1636","Leptosema_chambersii",0.0324206185567011
"1637","Lespedeza_angustifolia",0.0377022222222222
"1638","Lespedeza_bicolor",0.0844140851348337
"1639","Lespedeza_buergeri",0.10614472123369
"1640","Lespedeza_capitata",0.0261182118211821
"1641","Lespedeza_caraganae",0.199213114754098
"1642","Lespedeza_chinensis",0.383711764705882
"1643","Lespedeza_cyrtobotrya",0.0815341386554622
"1644","Lespedeza_davidii",0.443104046242775
"1645","Lespedeza_floribunda",0.306657223796034
"1646","Lespedeza_hirta",0.0385588853838065
"1647","Lespedeza_homoloba",0.056
"1648","Lespedeza_inschanica",0.176780701754386
"1649","Lespedeza_juncea",0.0774529702970297
"1650","Lespedeza_leptostachya",0.0200294117647059
"1651","Lespedeza_maximowiczii",0.0968384554767533
"1652","Lespedeza_melanantha",0.091875
"1653","Lespedeza_pilosa",0.120961165048543
"1654","Lespedeza_procumbens",0.0448823529411765
"1655","Lespedeza_repens",0.0439944258639911
"1656","Lespedeza_stuevei",0.0409282051282051
"1657","Lespedeza_thunbergii",0.198825186412594
"1658","Lespedeza_tomentosa",0.0769705882352941
"1659","Lespedeza_violacea",0.0285883424408015
"1660","Lespedeza_virgata",0.194753164556962
"1661","Lespedeza_virginica",0.0386884718498659
"1662","Lessertia_annularis",0.215189873417722
"1663","Lessertia_benguellensis",0.116878048780488
"1664","Lessertia_brachystachya",0.209444444444444
"1665","Lessertia_depressa",0.1525
"1666","Lessertia_diffusa",0.227688524590164
"1667","Lessertia_excisa",0.23
"1668","Lessertia_herbacea",0.225765957446809
"1669","Lessertia_macrostachya",0.161804347826087
"1670","Lessertia_pauciflora",0.171959595959596
"1671","Lessertia_perennans",0.0873406593406593
"1672","Lessertia_stricta",0.0513125
"1673","Leucaena_collinsii",0.139714285714286
"1674","Leucaena_cuspidata",0.156304347826087
"1675","Leucaena_diversifolia",0.172989333333333
"1676","Leucaena_esculenta",0.196106060606061
"1677","Leucaena_greggii",0.152
"1678","Leucaena_lanceolata",0.195107142857143
"1679","Leucaena_leucocephala",0.180320009136593
"1680","Leucaena_macrophylla",0.227979310344828
"1681","Leucaena_multicapitula",0.10762962962963
"1682","Leucaena_pulverulenta",0.115589090909091
"1683","Leucaena_retusa",0.0629197707736389
"1684","Leucaena_salvadorensis",0.0816
"1685","Leucaena_shannonii",0.101052631578947
"1686","Leucaena_trichandra",0.1804375
"1687","Leucaena_trichodes",0.463305882352941
"1688","Liparia_parva",0.23
"1689","Liparia_splendens",0.23
"1690","Loesenera_talbotii",0.12541935483871
"1691","Lonchocarpus_atropurpureus",0.401192660550459
"1692","Lonchocarpus_capassa",0.11937125748503
"1693","Lonchocarpus_constrictus",0.252421052631579
"1694","Lonchocarpus_eriocarinalis",0.254
"1695","Lonchocarpus_guatemalensis",0.146838983050848
"1696","Lonchocarpus_heptaphyllus",0.190087071240106
"1697","Lonchocarpus_macrophyllus",0.389958904109589
"1698","Lonchocarpus_nitidus",0.0830615384615385
"1699","Lonchocarpus_punctatus",0.359236486486487
"1700","Lonchocarpus_sericeus",0.0736683448709879
"1701","Lonchocarpus_violaceus",0.5621875
"1702","Lotononis_divaricata",0.157981132075472
"1703","Lotononis_falcata",0.205359223300971
"1704","Lotononis_involucrata",0.23
"1705","Lotononis_laxa",0.112333333333333
"1706","Lotononis_lotononoides",0.0478255813953488
"1707","Lotononis_parviflora",0.23
"1708","Lotononis_prostrata",0.23
"1709","Lotononis_pulchella",0.170407407407407
"1710","Lotononis_rabenaviana",0.203142857142857
"1711","Lotus_alpinus",0.112732798931196
"1712","Lotus_angustissimus",0.0992257991385173
"1713","Lotus_arabicus",0.238938775510204
"1714","Lotus_arenarius",0.179590361445783
"1715","Lotus_australis",0.0295248226950355
"1716","Lotus_conimbricensis",0.132314049586777
"1717","Lotus_conjugatus",0.112
"1718","Lotus_corniculatus",0.0876888901713511
"1719","Lotus_cruentus",0.0257470297029703
"1720","Lotus_cytisoides",0.101561969439728
"1721","Lotus_discolor",0.122248447204969
"1722","Lotus_edulis",0.124736698499318
"1723","Lotus_glinoides",0.0981018518518518
"1724","Lotus_halophilus",0.101660377358491
"1725","Lotus_hispidus",NA
"1726","Lotus_maroccanus",0.288
"1727","Lotus_ornithopodioides",0.128085650723025
"1728","Lotus_parviflorus",0.118044569672131
"1729","Lotus_pedunculatus",0.0663314653908054
"1730","Lotus_peregrinus",0.0805247863247864
"1731","Lotus_purpureus",0.027
"1732","Lotus_sessilifolius",0.06
"1733","Lotus_subbiflorus",0.0522575418994412
"1734","Lotus_tenuis",0.0863109916504634
"1735","Lotus_ucrainicus",0.0924024390243903
"1736","Luetzelburgia_auriculata",0.0737326732673267
"1737","Luetzelburgia_bahiensis",0.074
"1738","Lupinus_affinis",0.0340243902439024
"1739","Lupinus_albicaulis",0.0327123050259966
"1740","Lupinus_albifrons",0.0420947270181988
"1741","Lupinus_albus",0.11317872753764
"1742","Lupinus_angustiflorus",0.043
"1743","Lupinus_angustifolius",0.122574583093732
"1744","Lupinus_arboreus",0.0424215596330274
"1745","Lupinus_arbustus",0.0283923371647509
"1746","Lupinus_arcticus",0.0137565424266455
"1747","Lupinus_argenteus",0.026380326478694
"1748","Lupinus_aridus",0.0230443786982249
"1749","Lupinus_arizonicus",0.0521552162849873
"1750","Lupinus_atlanticus",0.288
"1751","Lupinus_benthamii",0.043
"1752","Lupinus_bicolor",0.0424011799410029
"1753","Lupinus_breweri",0.0411488469601677
"1754","Lupinus_caespitosus",0.0274920127795527
"1755","Lupinus_chamissonis",0.043
"1756","Lupinus_concinnus",0.0441423841059605
"1757","Lupinus_confertus",0.0418153477218225
"1758","Lupinus_cosentinii",0.114467741935484
"1759","Lupinus_cumulicola",0.031
"1760","Lupinus_densiflorus",0.0428268398268398
"1761","Lupinus_diffusus",0.0391343570057581
"1762","Lupinus_elegans",0.191099489795918
"1763","Lupinus_exaltatus",0.196958904109589
"1764","Lupinus_flavoculatus",0.0376547619047619
"1765","Lupinus_formosus",0.0454135593220339
"1766","Lupinus_fulcratus",0.043
"1767","Lupinus_gibertianus",0.0928111111111111
"1768","Lupinus_grayi",0.0429496124031008
"1769","Lupinus_havardii",0.039
"1770","Lupinus_hirsutissimus",0.0459803921568628
"1771","Lupinus_hispanicus",0.132820512820513
"1772","Lupinus_kingii",0.0254411085450346
"1773","Lupinus_latifolius",0.0376058558558558
"1774","Lupinus_lepidus",0.0204173228346457
"1775","Lupinus_leucophyllus",0.0268526422764227
"1776","Lupinus_luteus",0.0849454430778932
"1777","Lupinus_lyallii",0.0286607142857143
"1778","Lupinus_meionanthus",0.0406228571428571
"1779","Lupinus_mexicanus",0.174241071428571
"1780","Lupinus_microcarpus",0.0446628807434176
"1781","Lupinus_montanus",0.16358583106267
"1782","Lupinus_multiflorus",0.107717948717949
"1783","Lupinus_mutabilis",0.447449152542373
"1784","Lupinus_nanus",0.0428753443526171
"1785","Lupinus_nootkatensis",0.031421200750469
"1786","Lupinus_ornatus",0.0233636363636364
"1787","Lupinus_palaestinus",0.0653417721518987
"1788","Lupinus_perennis",0.0260385508592661
"1789","Lupinus_pilosus",0.145476861167002
"1790","Lupinus_polycarpus",0.0300110701107011
"1791","Lupinus_polyphyllus",0.0993789139131022
"1792","Lupinus_pubescens",0.385048951048951
"1793","Lupinus_pusillus",0.0242495291902071
"1794","Lupinus_rivularis",0.0240434782608696
"1795","Lupinus_sellulus",0.0330427215189874
"1796","Lupinus_sericeus",0.0268466533466533
"1797","Lupinus_sparsiflorus",0.0390086890819797
"1798","Lupinus_subcarnosus",0.0390168067226891
"1799","Lupinus_succulentus",0.0459225061830174
"1800","Lupinus_vallicola",0.0423090909090909
"1801","Lupinus_villosus",0.0419282868525896
"1802","Lysiloma_acapulcense",0.187877172653534
"1803","Lysiloma_divaricatum",0.170796399751707
"1804","Lysiloma_latisiliquum",0.119966843501326
"1805","Lysiloma_watsonii",0.104230769230769
"1806","Lysiphyllum_carronii",0.0428980582524272
"1807","Lysiphyllum_gilvum",0.0269078341013825
"1808","Maackia_amurensis",0.0673027798647633
"1809","Maackia_hupehensis",0.404589743589744
"1810","Machaerium_aculeatum",0.118645299145299
"1811","Machaerium_arboreum",0.701804093567251
"1812","Machaerium_brasiliense",0.128509043927649
"1813","Machaerium_ferox",0.259852631578947
"1814","Machaerium_floribundum",0.3424
"1815","Machaerium_hoehneanum",0.125
"1816","Machaerium_incorruptibile",0.146947368421053
"1817","Machaerium_inundatum",0.262510309278351
"1818","Machaerium_isadelphum",0.335551839464883
"1819","Machaerium_latifolium",0.176444444444444
"1820","Machaerium_lunatum",0.0961059190031152
"1821","Machaerium_madeirense",0.401877551020408
"1822","Machaerium_milleflorum",0.442632653061225
"1823","Machaerium_multifoliolatum",0.51890243902439
"1824","Machaerium_myrianthum",0.282214285714286
"1825","Machaerium_nyctitans",0.134884615384615
"1826","Machaerium_opacum",0.0904163265306123
"1827","Machaerium_pedicellatum",0.12944
"1828","Machaerium_quinata",0.241278350515464
"1829","Machaerium_salzmannii",0.091875
"1830","Machaerium_stipitatum",0.123732843137255
"1831","Machaerium_villosum",0.132623616236162
"1832","Macrolobium_acaciifolium",0.277884146341463
"1833","Macrolobium_angustifolium",0.327994884910486
"1834","Macrolobium_bifolium",0.181714893617021
"1835","Macrolobium_campestre",0.122946428571429
"1836","Macrolobium_latifolium",0.0862038834951456
"1837","Macrolobium_limbatum",0.467454054054054
"1838","Macrolobium_microcalyx",0.358353658536585
"1839","Macrolobium_multijugum",0.409831428571429
"1840","Macrolobium_pendulum",0.122864864864865
"1841","Macrolobium_punctatum",0.2166
"1842","Macrolobium_suaveolens",0.386478260869565
"1843","Macroptilium_atropurpureum",0.139014705882352
"1844","Macroptilium_bracteatum",0.101915254237288
"1845","Macroptilium_erythroloma",0.174608695652174
"1846","Macroptilium_gibbosifolium",0.144857045609258
"1847","Macroptilium_gracile",0.213119815668203
"1848","Macroptilium_lathyroides",0.115732267037552
"1849","Macroptilium_martii",0.0756451612903226
"1850","Macroptilium_panduratum",0.0824363636363636
"1851","Macrosamanea_discolor",0.305984615384615
"1852","Macrosamanea_duckei",0.125
"1853","Macrosamanea_pubiramea",0.273125683060109
"1854","Macrosamanea_spruceana",0.509847457627119
"1855","Macrotyloma_africanum",0.156148148148148
"1856","Macrotyloma_axillare",0.142865217391304
"1857","Macrotyloma_daltonii",0.152238095238095
"1858","Macrotyloma_densiflorum",0.320045454545455
"1859","Macrotyloma_geocarpum",0.0982340425531915
"1860","Macrotyloma_maranguense",0.11565
"1861","Macrotyloma_uniflorum",0.129979591836735
"1862","Marina_parryi",0.0692368421052633
"1863","Martiodendron_elatum",0.132441176470588
"1864","Mastersia_bakeri",0.36021875
"1865","Medicago_arabica",0.099982874391671
"1866","Medicago_arborea",0.130745882352941
"1867","Medicago_blancheana",0.130395061728395
"1868","Medicago_cancellata",0.0935294117647059
"1869","Medicago_constricta",0.295585714285714
"1870","Medicago_coronata",0.138175991861648
"1871","Medicago_disciformis",0.168157068062827
"1872","Medicago_doliata",0.158878395860285
"1873","Medicago_edgeworthii",0.506518518518518
"1874","Medicago_falcata",0.084242470596233
"1875","Medicago_granadensis",0.200546666666667
"1876","Medicago_hybrida",0.115
"1877","Medicago_hypogaea",0.0725633802816902
"1878","Medicago_intertexta",0.156516034985423
"1879","Medicago_laciniata",0.0763946666666671
"1880","Medicago_littoralis",0.147702355460386
"1881","Medicago_lupulina",0.085383134475009
"1882","Medicago_marina",0.127524017467249
"1883","Medicago_medicaginoides",0.344076923076923
"1884","Medicago_minima",0.102714387544551
"1885","Medicago_monantha",0.495365942028985
"1886","Medicago_monspeliaca",0.13793537414966
"1887","Medicago_murex",0.140515294117647
"1888","Medicago_muricoleptis",0.1269
"1889","Medicago_noeana",0.595630136986301
"1890","Medicago_orbicularis",0.152494531875167
"1891","Medicago_orthoceras",0.203772151898734
"1892","Medicago_papillosa",0.514
"1893","Medicago_polyceratia",0.152966459627329
"1894","Medicago_polymorpha",0.0968184217278153
"1895","Medicago_praecox",0.0791994106090374
"1896","Medicago_radiata",0.333048969072165
"1897","Medicago_rugosa",0.117892307692308
"1898","Medicago_ruthenica",0.126115062761506
"1899","Medicago_sativa",0.0993295516192185
"1900","Medicago_scutellata",0.13842243767313
"1901","Medicago_secundiflora",0.137219047619048
"1902","Medicago_soleirolii",0.091265625
"1903","Medicago_suffruticosa",0.145670446735395
"1904","Medicago_tenoreana",0.125727272727273
"1905","Medicago_tornata",0.151333333333333
"1906","Medicago_truncatula",0.0988876545421967
"1907","Medicago_turbinata",0.16883887915937
"1908","Melanoxylon_brauna",NA
"1909","Melilotus_albus",0.0845124751844324
"1910","Melilotus_altissimus",0.0845448820921419
"1911","Melilotus_dentatus",0.0923327974276528
"1912","Melilotus_indicus",0.0830188065735124
"1913","Melilotus_infestus",0.0965581395348837
"1914","Melilotus_italicus",0.127611428571429
"1915","Melilotus_neapolitanus",0.133879949717159
"1916","Melilotus_officinalis",0.0829873360274899
"1917","Melilotus_segetalis",0.11881512605042
"1918","Melilotus_suaveolens",0.136624441132638
"1919","Melilotus_sulcatus",0.132240212663122
"1920","Melilotus_wolgicus",0.0541941747572815
"1921","Melolobium_adenodes",0.222830508474576
"1922","Melolobium_aethiopicum",0.224228571428571
"1923","Melolobium_alpinum",0.07612
"1924","Melolobium_calycinum",0.120981818181818
"1925","Melolobium_candicans",0.188720524017467
"1926","Melolobium_exudans",0.23
"1927","Melolobium_humile",0.23
"1928","Melolobium_microphyllum",0.160296992481203
"1929","Melolobium_obcordatum",0.105178571428571
"1930","Microberlinia_bisulcata",0.121
"1931","Microlobius_foetidus",0.163026041666667
"1932","Millettia_dura",0.217214285714286
"1933","Millettia_extensa",0.516975609756098
"1934","Millettia_ferruginea",0.161
"1935","Millettia_grandis",0.1248
"1936","Millettia_laurentii",0.0980769230769231
"1937","Millettia_macrophylla",0.120533333333333
"1938","Millettia_stuhlmannii",0.247573529411765
"1939","Millettia_thonningii",0.0540566727605117
"1940","Millettia_usaramensis",0.216307692307692
"1941","Mimosa_aculeaticarpa",0.112602050326188
"1942","Mimosa_acutistipula",0.0851167315175098
"1943","Mimosa_adenocarpa",0.0811911764705882
"1944","Mimosa_affinis",0.229881720430108
"1945","Mimosa_albida",0.244940139401395
"1946","Mimosa_arenosa",0.195809224318658
"1947","Mimosa_bahamensis",0.131176470588235
"1948","Mimosa_benthamii",0.197090909090909
"1949","Mimosa_bimucronata",0.139540897097625
"1950","Mimosa_blanchetii",0.074
"1951","Mimosa_borealis",0.036993932038835
"1952","Mimosa_caesalpiniifolia",0.0885172413793103
"1953","Mimosa_calodendron",0.151
"1954","Mimosa_campicola",0.07675
"1955","Mimosa_camporum",0.229024752475248
"1956","Mimosa_casta",0.325
"1957","Mimosa_ceratonia",0.06892
"1958","Mimosa_cordistipula",0.074
"1959","Mimosa_debilis",0.111887243735763
"1960","Mimosa_depauperata",0.152
"1961","Mimosa_diplotricha",0.208902187902188
"1962","Mimosa_dormiens",0.305307692307692
"1963","Mimosa_dysocarpa",0.0722745591939546
"1964","Mimosa_filipes",0.110284210526316
"1965","Mimosa_flagellaris",0.0968888888888889
"1966","Mimosa_flocculosa",0.111459459459459
"1967","Mimosa_foliolosa",0.0908766404199475
"1968","Mimosa_furfuracea",0.135
"1969","Mimosa_gemmulata",0.101211538461538
"1970","Mimosa_grahamii",0.0731121495327103
"1971","Mimosa_guilandinae",0.262443877551021
"1972","Mimosa_hamata",0.701
"1973","Mimosa_hexandra",0.117961832061069
"1974","Mimosa_hirsutissima",0.133091525423729
"1975","Mimosa_hondurana",0.111179104477612
"1976","Mimosa_hypoglauca",0.0985045045045045
"1977","Mimosa_irrigua",0.074
"1978","Mimosa_lacerata",0.176814102564102
"1979","Mimosa_lactiflua",0.21725
"1980","Mimosa_lanuginosa",0.056
"1981","Mimosa_latispinosa",0.202
"1982","Mimosa_lewisii",0.074
"1983","Mimosa_luisana",0.162481012658228
"1984","Mimosa_melanocarpa",0.0603666666666667
"1985","Mimosa_mensicola",0.074
"1986","Mimosa_mollis",0.249836734693878
"1987","Mimosa_monancistra",0.168921658986175
"1988","Mimosa_monticola",0.151
"1989","Mimosa_occidentalis",0.1809375
"1990","Mimosa_ophthalmocentra",0.0750808510638298
"1991","Mimosa_orthocarpa",0.208782051282051
"1992","Mimosa_paludosa",0.101051020408163
"1993","Mimosa_pigra",0.0898096951973894
"1994","Mimosa_polyantha",0.186537931034483
"1995","Mimosa_polycarpa",0.11040074906367
"1996","Mimosa_polydactyla",0.306006578947368
"1997","Mimosa_pteridifolia",0.0721986754966887
"1998","Mimosa_pudica",0.304038651788796
"1999","Mimosa_quadrivalvis",0.049832882882883
"2000","Mimosa_rubicaulis",0.464322580645161
"2001","Mimosa_scabrella",0.12563813229572
"2002","Mimosa_schleidenii",0.10975
"2003","Mimosa_sensibilis",0.108955752212389
"2004","Mimosa_sensitiva",0.10774328358209
"2005","Mimosa_skinneri",0.118391143911439
"2006","Mimosa_somnians",0.131375912408759
"2007","Mimosa_strigillosa",0.0392203147353361
"2008","Mimosa_tenuiflora",0.102649851632047
"2009","Mimosa_tricephala",0.161518703241895
"2010","Mimosa_ulbrichiana",0.074
"2011","Mimosa_uliginosa",0.0462142857142857
"2012","Mimosa_ursina",0.087563829787234
"2013","Mimosa_velloziana",0.132446483180428
"2014","Mimosa_verrucosa",0.0737615894039735
"2015","Mimosa_xanthocentra",0.132178851174935
"2016","Mimozyganthus_carinatus",0.1105
"2017","Mirbelia_dilatata",0.053
"2018","Mirbelia_floribunda",0.053
"2019","Mirbelia_ovata",0.053
"2020","Mirbelia_pungens",0.0377391304347826
"2021","Mirbelia_ramulosa",0.0517877551020408
"2022","Mirbelia_spinosa",0.053
"2023","Moldenhawera_floribunda",0.074
"2024","Monopteryx_inpae",0.10948275862069
"2025","Mora_excelsa",0.124
"2026","Moullava_spicata",0.701
"2027","Mucuna_birdwoodiana",0.437969696969697
"2028","Mucuna_bracteata",0.516111111111111
"2029","Mucuna_coriacea",0.13375
"2030","Mucuna_gigantea",0.10551724137931
"2031","Mucuna_hainanensis",0.365333333333333
"2032","Mucuna_rostrata",0.373302469135803
"2033","Mucuna_sempervirens",0.525061946902655
"2034","Mucuna_urens",0.162911627906977
"2035","Muelleranthus_trifoliolatus",0.0505975609756098
"2036","Mundulea_sericea",0.122397146254459
"2037","Myrocarpus_fastigiatus",0.0931538461538461
"2038","Myroxylon_peruiferum",0.1611330472103
"2039","Neorautanenia_ficifolia",0.048625
"2040","Neorautanenia_mitis",0.109888586956522
"2041","Neptunia_gracilis",0.0344789128397376
"2042","Neptunia_lutea",0.0358840206185567
"2043","Neptunia_monosperma",0.0264816176470588
"2044","Neptunia_plena",0.16328192371476
"2045","Neptunia_pubescens",0.0558965517241379
"2046","Newtonia_buchananii",0.220902097902098
"2047","Nissolia_fruticosa",0.16930027173913
"2048","Nissolia_schottii",0.0918623188405797
"2049","Ohwia_caudata",0.364346007604563
"2050","Olneya_tesota",0.0523775689958897
"2051","Onobrychis_arenaria",0.0803421581769437
"2052","Onobrychis_biebersteinii",0.160225352112676
"2053","Onobrychis_conferta",0.152002450980392
"2054","Onobrychis_cornuta",0.434007042253521
"2055","Onobrychis_cyri",0.193846153846154
"2056","Onobrychis_humilis",0.140560747663551
"2057","Onobrychis_pallasii",0.047
"2058","Onobrychis_petraea",0.153341463414634
"2059","Onobrychis_transcaucasica",0.25109375
"2060","Onobrychis_viciifolia",0.0943284230198421
"2061","Ononis_alopecuroides",0.117938271604938
"2062","Ononis_cristata",0.128604040404041
"2063","Ononis_fruticosa",0.136761058981233
"2064","Ononis_mitissima",0.128038880248834
"2065","Ononis_natrix",0.123718027439317
"2066","Ononis_pusilla",0.130308901232896
"2067","Ononis_reclinata",0.127093962008141
"2068","Ononis_rotundifolia",0.114653153153153
"2069","Ononis_serrata",0.0882512077294686
"2070","Ononis_spinosa",0.093636353535034
"2071","Ononis_variegata",0.130853333333333
"2072","Ononis_viscosa",0.136084863837872
"2073","Ophrestia_oblongifolia",0.0465074626865672
"2074","Ophrestia_radicosa",0.223926829268293
"2075","Ormocarpum_cochinchinense",0.294686567164179
"2076","Ormocarpum_kirkii",0.18464
"2077","Ormocarpum_sennoides",0.0862435897435897
"2078","Ormocarpum_trichocarpum",0.10737556561086
"2079","Ormosia_arborea",0.124484536082474
"2080","Ormosia_coarctata",0.313043956043956
"2081","Ormosia_coccinea",0.35840625
"2082","Ormosia_costulata",0.0964516129032258
"2083","Ormosia_coutinhoi",0.110186666666667
"2084","Ormosia_discolor",0.54109756097561
"2085","Ormosia_emarginata",0.4335
"2086","Ormosia_excelsa",0.116672413793103
"2087","Ormosia_fastigiata",0.117551724137931
"2088","Ormosia_flava",0.119244444444444
"2089","Ormosia_grossa",0.125
"2090","Ormosia_henryi",0.444012048192771
"2091","Ormosia_krugii",0.0709454545454546
"2092","Ormosia_macrocalyx",0.251793103448276
"2093","Ormosia_monosperma",0.102272727272727
"2094","Ormosia_nobilis",0.471329268292683
"2095","Ormosia_paraensis",0.330146341463415
"2096","Ormosia_pinnata",0.3449375
"2097","Ormosia_semicastrata",0.401078125
"2098","Ormosia_smithii",0.125
"2099","Ormosia_sumatrana",0.385073170731707
"2100","Ormosia_xylocarpa",0.409016393442623
"2101","Ornithopus_compressus",0.120527852135117
"2102","Ornithopus_perpusillus",0.0709379782814655
"2103","Ornithopus_pinnatus",0.0993788068418855
"2104","Ornithopus_sativus",0.105531889994149
"2105","Otoptera_burchellii",0.0837821782178218
"2106","Oxylobium_ellipticum",0.0230011273957159
"2107","Oxylobium_robustum",0.0386651376146789
"2108","Oxyrhynchus_volubilis",0.13675
"2109","Oxytropis_anertii",0.096375
"2110","Oxytropis_arctica",0.0180775510204082
"2111","Oxytropis_campanulata",0.0344161220043573
"2112","Oxytropis_campestris",0.0841934396764773
"2113","Oxytropis_deflexa",0.0256462745098039
"2114","Oxytropis_glabra",0.179997237569061
"2115","Oxytropis_halleri",0.100108219178082
"2116","Oxytropis_kansuensis",0.357702702702703
"2117","Oxytropis_lambertii",0.0218777676675766
"2118","Oxytropis_lapponica",0.0913212221304706
"2119","Oxytropis_leucantha",0.0194548286604361
"2120","Oxytropis_maydelliana",0.0150575539568345
"2121","Oxytropis_melanocalyx",0.291904761904762
"2122","Oxytropis_mollis",0.435967391304348
"2123","Oxytropis_neglecta",0.134321976149915
"2124","Oxytropis_oreophila",0.0284794520547945
"2125","Oxytropis_pilosa",0.0739671574178936
"2126","Oxytropis_scammaniana",0.0124125874125874
"2127","Oxytropis_sericea",0.0280227817745803
"2128","Oxytropis_spicata",0.0605245901639344
"2129","Oxytropis_splendens",0.0202375690607735
"2130","Oxytropis_viscida",NA
"2131","Pachyrhizus_erosus",0.206188172043011
"2132","Pachyrhizus_ferrugineus",0.137360576923077
"2133","Pachyrhizus_tuberosus",0.34
"2134","Paramachaerium_ormosioides",0.0973076923076923
"2135","Parapiptadenia_excelsa",0.145315789473684
"2136","Parapiptadenia_pterosperma",0.141126582278481
"2137","Parapiptadenia_rigida",0.113815573770492
"2138","Paraserianthes_lophantha",0.112285021551724
"2139","Parkia_decussata",0.119057142857143
"2140","Parkia_discolor",0.420540983606558
"2141","Parkia_filicoidea",0.162078534031414
"2142","Parkia_gigantocarpa",0.124
"2143","Parkia_igneiflora",0.52335593220339
"2144","Parkia_multijuga",0.491726851851852
"2145","Parkia_nitida",0.322973941368078
"2146","Parkia_pendula",0.261506203473946
"2147","Parkia_platycephala",0.087527027027027
"2148","Parkia_speciosa",0.404612403100775
"2149","Parkia_timoriana",0.397923076923077
"2150","Parkia_ulei",0.108720930232558
"2151","Parkia_velutina",0.493728682170543
"2152","Parkinsonia_aculeata",0.0600999293104543
"2153","Parkinsonia_africana",0.145233695652174
"2154","Parochetus_communis",0.44734023668639
"2155","Parryella_filifolia",0.0272099447513812
"2156","Pearsonia_aristata",0.0550116279069767
"2157","Pearsonia_cajanifolia",0.0423119266055046
"2158","Pearsonia_grandifolia",0.0621857142857143
"2159","Pearsonia_sessilifolia",0.0461647509578544
"2160","Pediomelum_subacaule",0.0722832369942197
"2161","Peltogyne_catingae",0.467837209302326
"2162","Peltogyne_confertiflora",NA
"2163","Peltogyne_gracilipes",0.125
"2164","Peltogyne_paniculata",0.386502857142857
"2165","Peltogyne_venosa",0.172268817204301
"2166","Peltophorum_africanum",0.100308802308802
"2167","Peltophorum_dubium",0.110372576177285
"2168","Peltophorum_pterocarpum",0.413201331114808
"2169","Pentaclethra_macroloba",0.276917705735661
"2170","Periandra_coccinea",0.0803743169398908
"2171","Periandra_mediterranea",0.0980960929250265
"2172","Pericopsis_angolensis",0.232108527131783
"2173","Pericopsis_elata",0.122958333333333
"2174","Pericopsis_mooniana",0.461096774193548
"2175","Petalostylis_labicheoides",0.0364659090909091
"2176","Phaseolus_acutifolius",0.0954657375145182
"2177","Phaseolus_coccineus",0.20811688764829
"2178","Phaseolus_filiformis",0.0936198439241918
"2179","Phaseolus_glabellus",0.1512
"2180","Phaseolus_lunatus",0.232330628803245
"2181","Phaseolus_maculatus",0.0992239583333333
"2182","Phaseolus_parvulus",0.0882877358490567
"2183","Phaseolus_pedicellatus",0.0985231092436974
"2184","Phaseolus_polystachios",0.0417565597667638
"2185","Phaseolus_vulgaris",0.252604880970206
"2186","Phyllodium_elegans",0.415711340206186
"2187","Phyllodium_pulchellum",0.345762393162393
"2188","Phyllota_barbata",0.053
"2189","Phyllota_phylicoides",0.0368938848920863
"2190","Phyllota_pleurandroides",0.0145434173669468
"2191","Phyllota_remota",0.0142083333333333
"2192","Pickeringia_montana",0.0469323383084578
"2193","Piliostigma_malabaricum",0.117105740181269
"2194","Piptadenia_adiantoides",0.120980769230769
"2195","Piptadenia_gonoacantha",0.139856624319419
"2196","Piptadenia_paniculata",0.131433070866142
"2197","Piptanthus_nepalensis",0.532382222222222
"2198","Piscidia_grandifolia",0.185462765957447
"2199","Piscidia_piscipula",0.127216041397154
"2200","Pithecellobium_diversifolium",0.074
"2201","Pithecellobium_dulce",0.279676907829533
"2202","Pithecellobium_lanceolatum",0.272815810276682
"2203","Pithecellobium_unguis-cati",0.204459813084112
"2204","Platycyamus_regnellii",0.137540540540541
"2205","Platylobium_formosum",0.0364944382647386
"2206","Platylobium_obtusangulum",0.0153889997150185
"2207","Platymiscium_floribundum",0.0937909604519773
"2208","Platymiscium_pinnatum",0.658962589928058
"2209","Platymiscium_stipulare",0.46470652173913
"2210","Platymiscium_trinitatis",0.163346153846154
"2211","Platypodium_elegans",0.1886875
"2212","Podalyria_biflora",0.23
"2213","Podalyria_burchellii",0.222709359605911
"2214","Podalyria_calyptrata",0.23
"2215","Podalyria_cordata",0.23
"2216","Podalyria_myrtillifolia",0.23
"2217","Podalyria_sericea",0.198747967479675
"2218","Podolobium_ilicifolium",0.0358380314232902
"2219","Poecilanthe_falcata",0.1269375
"2220","Poecilanthe_parviflora",0.119636363636364
"2221","Poecilanthe_ulei",0.074
"2222","Poiretia_punctata",0.171040178571429
"2223","Poitea_punicea",0.025
"2224","Pongamia_pinnata",0.371089488636364
"2225","Prosopis_affinis",0.0748857142857143
"2226","Prosopis_africana",0.050423789907312
"2227","Prosopis_alba",0.0774496314496316
"2228","Prosopis_articulata",0.119
"2229","Prosopis_chilensis",0.133431451612903
"2230","Prosopis_cineraria",0.393114754098361
"2231","Prosopis_farcta",0.173736625514403
"2232","Prosopis_ferox",0.104220338983051
"2233","Prosopis_flexuosa",0.0680734693877551
"2234","Prosopis_glandulosa",0.0522596912521444
"2235","Prosopis_juliflora",0.50226043878273
"2236","Prosopis_kuntzei",0.0743406593406593
"2237","Prosopis_laevigata",0.170554185022026
"2238","Prosopis_nigra",0.067983606557377
"2239","Prosopis_pallida",0.0409835221421216
"2240","Prosopis_pubescens",0.059556358381503
"2241","Prosopis_ruscifolia",0.0815299145299145
"2242","Prosopis_tamarugo",0.085
"2243","Prosopis_velutina",0.0410246153846152
"2244","Pseudarthria_hookeri",0.10036385255648
"2245","Pseudarthria_viscida",0.306979166666667
"2246","Pseudopiptadenia_contorta",0.122253333333333
"2247","Pseudopiptadenia_psilostachya",0.173421052631579
"2248","Pseudovigna_argentea",0.058547619047619
"2249","Psophocarpus_lancifolius",0.189457142857143
"2250","Psophocarpus_palustris",0.0687261904761905
"2251","Psophocarpus_scandens",0.168118055555556
"2252","Psophocarpus_tetragonolobus",0.515324137931034
"2253","Psoralea_aculeata",0.23
"2254","Psoralea_affinis",0.23
"2255","Psoralea_alata",0.23
"2256","Psoralea_aphylla",0.23
"2257","Psoralea_asarina",0.23
"2258","Psoralea_ensifolia",0.23
"2259","Psoralea_imbricata",0.23
"2260","Psoralea_laxa",0.23
"2261","Psoralea_monophylla",0.23
"2262","Psoralea_oligophylla",0.23
"2263","Psoralea_pinnata",0.127628726287263
"2264","Psoralea_repens",0.23
"2265","Psoralea_restioides",0.23
"2266","Psoralea_verrucosa",0.23
"2267","Psorothamnus_arborescens",0.0415685534591195
"2268","Psorothamnus_emoryi",0.0628240819812124
"2269","Psorothamnus_fremontii",0.032355871886121
"2270","Psorothamnus_schottii",0.0469393939393939
"2271","Psorothamnus_scoparius",0.0501326164874551
"2272","Psorothamnus_spinosus",0.0476800327332242
"2273","Pterocarpus_acapulcensis",0.600532710280374
"2274","Pterocarpus_amazonum",0.286832558139535
"2275","Pterocarpus_angolensis",0.178966153846154
"2276","Pterocarpus_indicus",0.412421428571429
"2277","Pterocarpus_macrocarpus",0.443600678733032
"2278","Pterocarpus_marsupium",0.668339285714286
"2279","Pterocarpus_officinalis",0.370816425120773
"2280","Pterocarpus_osun",0.226139534883721
"2281","Pterocarpus_rohrii",0.237377584330794
"2282","Pterocarpus_rotundifolius",0.133009375
"2283","Pterocarpus_santalinoides",0.0971243432574433
"2284","Pterocarpus_santalinus",0.701
"2285","Pterocarpus_soyauxii",0.0894481605351171
"2286","Pterodon_abruptus",0.0774190476190476
"2287","Pterodon_emarginatus",0.096345205479452
"2288","Pterogyne_nitens",0.112271247739602
"2289","Pterolobium_stellatum",0.15506015037594
"2290","Ptycholobium_biflorum",0.116896774193548
"2291","Ptycholobium_contortum",0.065984126984127
"2292","Ptycholobium_plicatum",0.056046511627907
"2293","Pueraria_montana",0.114651539338654
"2294","Pultenaea_acerosa",0.0140315789473684
"2295","Pultenaea_altissima",0.0346047619047619
"2296","Pultenaea_blakelyi",0.0351911764705882
"2297","Pultenaea_capitellata",0.0310375939849624
"2298","Pultenaea_daphnoides",0.0217751399343759
"2299","Pultenaea_densifolia",0.0141702127659574
"2300","Pultenaea_flexilis",0.0363304721030043
"2301","Pultenaea_foliolosa",0.0334594594594595
"2302","Pultenaea_involucrata",0.014
"2303","Pultenaea_largiflorens",0.0162063971031985
"2304","Pultenaea_laxiflora",0.0165796105383734
"2305","Pultenaea_microphylla",0.0362748710390567
"2306","Pultenaea_myrtoides",0.0377051282051282
"2307","Pultenaea_ochreata",0.053
"2308","Pultenaea_paleacea",0.0368465703971119
"2309","Pultenaea_procumbens",0.0332307692307693
"2310","Pultenaea_reticulata",0.053
"2311","Pultenaea_retusa",0.0323553038105047
"2312","Pultenaea_scabra",0.0240842673308426
"2313","Pultenaea_stipularis",0.036
"2314","Pultenaea_tenuifolia",0.0148563176895307
"2315","Pultenaea_verruculosa",0.053
"2316","Pultenaea_villosa",0.037183
"2317","Pycnospora_lutescens",0.149630841121495
"2318","Rafnia_amplexicaulis",0.23
"2319","Rafnia_angulata",0.23
"2320","Rafnia_capensis",0.23
"2321","Rafnia_crassifolia",0.23
"2322","Rafnia_diffusa",0.23
"2323","Rafnia_elliptica",0.217666666666667
"2324","Rafnia_racemosa",0.23
"2325","Rafnia_triflora",0.227430555555556
"2326","Ramirezella_strobilophora",0.210068965517241
"2327","Requienia_sphaerosperma",0.123238095238095
"2328","Retama_monosperma",0.147017676767677
"2329","Retama_raetam",0.0735754783841249
"2330","Retama_sphaerocarpa",0.150360276842975
"2331","Rhynchosia_acuminatissima",0.129310975609756
"2332","Rhynchosia_adenodes",0.10575572519084
"2333","Rhynchosia_albissima",0.105935483870968
"2334","Rhynchosia_angulosa",0.0421428571428571
"2335","Rhynchosia_aurea",0.701
"2336","Rhynchosia_capensis",0.23
"2337","Rhynchosia_caribaea",0.118988372093023
"2338","Rhynchosia_ciliata",0.23
"2339","Rhynchosia_clivorum",0.164
"2340","Rhynchosia_cooperi",0.0592307692307692
"2341","Rhynchosia_densiflora",0.124464705882353
"2342","Rhynchosia_diversifolia",0.0777972972972973
"2343","Rhynchosia_fleckii",0.047078431372549
"2344","Rhynchosia_himalensis",0.65246052631579
"2345","Rhynchosia_hirsuta",0.0957142857142857
"2346","Rhynchosia_holosericea",0.0980263157894737
"2347","Rhynchosia_insignis",0.3125625
"2348","Rhynchosia_luteola",0.247259259259259
"2349","Rhynchosia_minima",0.107591737748788
"2350","Rhynchosia_monophylla",0.0714166666666667
"2351","Rhynchosia_nervosa",0.0572589928057554
"2352","Rhynchosia_nitens",0.0427910447761194
"2353","Rhynchosia_nyasica",0.0717887323943662
"2354","Rhynchosia_pentheri",0.0719166666666667
"2355","Rhynchosia_phaseoloides",0.15932476635514
"2356","Rhynchosia_procurrens",0.25978
"2357","Rhynchosia_pyramidalis",0.167433566433566
"2358","Rhynchosia_reniformis",0.0448761904761904
"2359","Rhynchosia_reptabunda",0.0767808219178082
"2360","Rhynchosia_resinosa",0.176564814814815
"2361","Rhynchosia_reticulata",0.222457700650759
"2362","Rhynchosia_rothii",0.420382352941176
"2363","Rhynchosia_rufescens",0.569757575757576
"2364","Rhynchosia_senna",0.0550241730279898
"2365","Rhynchosia_sordida",0.096632183908046
"2366","Rhynchosia_sublobata",0.120328530259366
"2367","Rhynchosia_tomentosa",0.0527906137184116
"2368","Rhynchosia_totta",0.105649371069182
"2369","Rhynchosia_velutina",0.1995
"2370","Rhynchosia_villosa",0.0669393939393939
"2371","Rhynchosia_volubilis",0.219082152974504
"2372","Riedeliella_graciliflora",0.0739886363636364
"2373","Robinia_hispida",0.0641046511627906
"2374","Robinia_pseudoacacia",0.0926944167326026
"2375","Robinia_viscosa",0.0645672514619883
"2376","Rothia_hirsuta",0.1425
"2377","Rothia_indica",0.121802816901409
"2378","Samanea_inopinata",0.0978928571428571
"2379","Saraca_asoca",0.683594827586207
"2380","Schizolobium_parahyba",0.327114911080711
"2381","Schleinitzia_insularum",0.0494
"2382","Schotia_brachypetala",0.0736621621621622
"2383","Schotia_capitata",0.130594202898551
"2384","Schotia_latifolia",0.217868686868687
"2385","Scorodophloeus_zenkeri",0.0912385964912281
"2386","Scorpiurus_muricatus",0.138388532038227
"2387","Scorpiurus_vermiculatus",0.128615877080666
"2388","Senna_aculeata",0.256148936170213
"2389","Senna_alexandrina",0.22248813559322
"2390","Senna_aphylla",0.0660629921259842
"2391","Senna_appendiculata",0.116
"2392","Senna_auriculata",0.652526748971193
"2393","Senna_aversiflora",0.074
"2394","Senna_bacillaris",0.550106646058732
"2395","Senna_barclayana",0.0380130111524164
"2396","Senna_bauhinioides",0.0601854714064916
"2397","Senna_bicapsularis",0.306633587786259
"2398","Senna_cana",0.093892523364486
"2399","Senna_candolleana",0.112
"2400","Senna_chrysocarpa",0.0970419161676647
"2401","Senna_corymbosa",0.0731306990881459
"2402","Senna_covesii",0.0431585807385951
"2403","Senna_cumingii",0.100317307692308
"2404","Senna_didymobotrya",0.179996233521658
"2405","Senna_floribunda",0.140073529411765
"2406","Senna_fruticosa",0.275194444444444
"2407","Senna_gardneri",0.0846056338028169
"2408","Senna_holosericea",0.212904761904762
"2409","Senna_italica",0.111692975532754
"2410","Senna_latifolia",0.165556053811659
"2411","Senna_lindheimeriana",0.058898905344495
"2412","Senna_marilandica",0.0472118126272913
"2413","Senna_multiglandulosa",0.2380337922403
"2414","Senna_multijuga",0.171810358565737
"2415","Senna_nitida",0.0273809523809524
"2416","Senna_obtusifolia",0.131761978628059
"2417","Senna_occidentalis",0.193615649064907
"2418","Senna_oxyphylla",0.407538461538462
"2419","Senna_pallida",0.177041818181818
"2420","Senna_pendula",0.0774464158978002
"2421","Senna_petersiana",0.15957183908046
"2422","Senna_pilifera",0.128934328358209
"2423","Senna_pinheiroi",0.074
"2424","Senna_polyantha",0.187931818181818
"2425","Senna_quinquangulata",0.190631487889273
"2426","Senna_racemosa",0.151280898876405
"2427","Senna_reniformis",0.145900662251656
"2428","Senna_reticulata",0.348935849056604
"2429","Senna_septemtrionalis",0.110675703324808
"2430","Senna_silvestris",0.210921409214092
"2431","Senna_singueana",0.16625
"2432","Senna_sophera",0.263714628297362
"2433","Senna_spectabilis",0.261008067614291
"2434","Senna_splendida",0.0983996062992127
"2435","Senna_sulfurea",0.241779661016949
"2436","Senna_surattensis",0.316809523809524
"2437","Senna_tapajozensis",0.123281553398058
"2438","Senna_tora",0.362239417989417
"2439","Senna_uniflora",0.180129901960785
"2440","Senna_velutina",0.0970840579710145
"2441","Senna_wislizeni",0.155643693107932
"2442","Sesbania_benthamiana",0.0346186440677966
"2443","Sesbania_bispinosa",0.23322754491018
"2444","Sesbania_cannabina",0.0819357487922706
"2445","Sesbania_cinerascens",0.129382978723404
"2446","Sesbania_drummondii",0.0402238675958188
"2447","Sesbania_erubescens",0.0416219512195122
"2448","Sesbania_exasperata",0.180837104072398
"2449","Sesbania_formosa",0.037908713692946
"2450","Sesbania_goetzei",0.1906
"2451","Sesbania_grandiflora",0.418798850574713
"2452","Sesbania_greenwayi",0.202291666666667
"2453","Sesbania_herbacea",0.0795427444103464
"2454","Sesbania_javanica",0.4133125
"2455","Sesbania_leptocarpa",0.0911990950226244
"2456","Sesbania_longifolia",0.23404347826087
"2457","Sesbania_macrantha",0.177964071856287
"2458","Sesbania_microphylla",0.238163636363636
"2459","Sesbania_pachycarpa",0.0773909090909091
"2460","Sesbania_punicea",0.0885723981900453
"2461","Sesbania_rostrata",0.10642735042735
"2462","Sesbania_sericea",0.0978260869565217
"2463","Sesbania_sesban",0.153647342995169
"2464","Sesbania_tomentosa",0.032
"2465","Sesbania_virgata",0.0847906976744186
"2466","Shuteria_involucrata",0.66696875
"2467","Sindora_siamensis",0.494724637681159
"2468","Smithia_ciliata",0.466049019607843
"2469","Smithia_conferta",0.225088888888889
"2470","Smithia_erubescens",0.0561578947368421
"2471","Smithia_sensitiva",0.370893617021276
"2472","Sophora_albescens",0.67
"2473","Sophora_alopecuroides",0.328132978723404
"2474","Sophora_chrysophylla",0.032
"2475","Sophora_davidii",NA
"2476","Sophora_flavescens",0.159249132947978
"2477","Sophora_howinsula",NA
"2478","Sophora_inhambanensis",0.143681818181818
"2479","Sophora_microphylla",0.0153655984303467
"2480","Sophora_mollis",0.441613636363636
"2481","Sophora_moorcroftiana",0.3374
"2482","Sophora_nuttalliana",0.0243918191603875
"2483","Sophora_prostrata",0.013
"2484","Sophora_tetraptera",0.011
"2485","Sophora_tomentosa",0.1055921875
"2486","Sophora_velutina",0.640298701298701
"2487","Spartium_junceum",0.125671982602389
"2488","Spatholobus_parviflorus",0.579927835051546
"2489","Sphaerolobium_alatum",0.053
"2490","Sphaerolobium_grandiflorum",0.053
"2491","Sphaerolobium_medium",0.053
"2492","Sphaerophysa_salsula",0.101453151618399
"2493","Sphenostylis_angustifolia",0.0431673306772908
"2494","Sphenostylis_marginata",0.0680172413793103
"2495","Sphenostylis_stenocarpa",0.159557971014493
"2496","Strongylodon_lucidus",0.336184782608696
"2497","Strongylodon_macrobotrys",0.65053125
"2498","Strophostyles_leiosperma",0.0226348314606742
"2499","Strophostyles_umbellata",0.0511463614063778
"2500","Stryphnodendron_adstringens",0.109454909819639
"2501","Stryphnodendron_guianense",0.201634146341463
"2502","Stryphnodendron_microstachyum",0.29425
"2503","Stryphnodendron_polystachyum",0.202027777777778
"2504","Stryphnodendron_pulcherrimum",0.125943589743589
"2505","Stryphnodendron_racemiferum",0.125
"2506","Stylosanthes_angustifolia",0.101721393034826
"2507","Stylosanthes_biflora",0.0458989280245023
"2508","Stylosanthes_bracteata",0.0950416666666667
"2509","Stylosanthes_calcicola",0.054375
"2510","Stylosanthes_capitata",0.090456647398844
"2511","Stylosanthes_erecta",0.0425705705705706
"2512","Stylosanthes_fruticosa",0.105780133928571
"2513","Stylosanthes_guianensis",0.19453912716328
"2514","Stylosanthes_hamata",0.131986525505294
"2515","Stylosanthes_humilis",0.110637274549098
"2516","Stylosanthes_leiocarpa",0.096
"2517","Stylosanthes_macrocarpa",0.248
"2518","Stylosanthes_macrocephala",0.0848402061855671
"2519","Stylosanthes_mexicana",0.163416666666667
"2520","Stylosanthes_montevidensis",0.0879874213836478
"2521","Stylosanthes_ruellioides",0.147415094339623
"2522","Stylosanthes_scabra",0.0979382826475851
"2523","Stylosanthes_sympodialis",0.246722222222222
"2524","Stylosanthes_viscosa",0.111346551724138
"2525","Styphnolobium_japonicum",0.147344696969697
"2526","Swainsona_burkittii",0.028462962962963
"2527","Swainsona_campylantha",0.0301407528641571
"2528","Swainsona_canescens",0.0317272727272727
"2529","Swainsona_fissimontana",0.0228411214953271
"2530","Swainsona_flavicarinata",0.0205118343195266
"2531","Swainsona_formosa",0.032510843373494
"2532","Swainsona_forrestii",0.053
"2533","Swainsona_galegifolia",0.0364424446944132
"2534","Swainsona_greyana",0.0323010380622838
"2535","Swainsona_incei",0.053
"2536","Swainsona_kingii",0.0519668874172185
"2537","Swainsona_leeana",0.0445217391304348
"2538","Swainsona_lessertiifolia",0.0150626349892009
"2539","Swainsona_maccullochiana",0.053
"2540","Swainsona_microphylla",0.0268956356736243
"2541","Swainsona_oroboides",0.0292897196261682
"2542","Swainsona_phacoides",0.0236659898477158
"2543","Swainsona_procumbens",0.0245720097640358
"2544","Swainsona_pterostylis",0.053
"2545","Swainsona_stipularis",0.017802110817942
"2546","Swainsona_swainsonioides",0.0313320079522863
"2547","Swartzia_acutifolia",0.1125
"2548","Swartzia_apetala",0.1
"2549","Swartzia_arborescens",0.337374689826303
"2550","Swartzia_auriculata",0.450516853932584
"2551","Swartzia_bahiensis",0.074
"2552","Swartzia_benthamiana",0.0982571428571429
"2553","Swartzia_corrugata",0.125
"2554","Swartzia_cuspidata",0.204
"2555","Swartzia_flaemingii",0.110776119402985
"2556","Swartzia_grandifolia",0.164352941176471
"2557","Swartzia_guianensis",0.08
"2558","Swartzia_laevicarpa",0.123823529411765
"2559","Swartzia_langsdorffii",0.151
"2560","Swartzia_latifolia",0.114309090909091
"2561","Swartzia_laurifolia",0.125
"2562","Swartzia_laxiflora",0.125
"2563","Swartzia_leptopetala",0.526277777777778
"2564","Swartzia_longistipitata",0.125
"2565","Swartzia_macrostachya",0.0884652406417112
"2566","Swartzia_myrtifolia",0.403443438914027
"2567","Swartzia_oblanceolata",0.108292682926829
"2568","Swartzia_panacoco",0.124700729927007
"2569","Swartzia_polyphylla",0.368742222222222
"2570","Swartzia_recurva",0.117862068965517
"2571","Swartzia_reticulata",0.121137931034483
"2572","Swartzia_schomburgkii",0.519957055214724
"2573","Swartzia_sericea",0.318544715447154
"2574","Swartzia_simplex",0.286888178913738
"2575","Swartzia_ulei",0.125
"2576","Sweetia_fruticosa",0.139396825396825
"2577","Tachigali_cavipes",0.594116666666667
"2578","Tachigali_paniculata",0.284964205816554
"2579","Tachigali_versicolor",0.1411
"2580","Tadehagi_triquetrum",0.500951690821256
"2581","Tamarindus_indica",0.189603095632946
"2582","Taralea_cordata",0.277258823529412
"2583","Taralea_oppositifolia",0.346228464419476
"2584","Taverniera_cuneifolia",0.32
"2585","Templetonia_retusa",0.0298021201413428
"2586","Templetonia_sulcata",0.053
"2587","Tephrosia_adunca",0.104590062111801
"2588","Tephrosia_aequilata",0.197309523809524
"2589","Tephrosia_brachyodon",0.0296181606519208
"2590","Tephrosia_bracteolata",0.0467124423963131
"2591","Tephrosia_burchellii",0.0889823008849557
"2592","Tephrosia_candida",0.25084076433121
"2593","Tephrosia_capensis",0.160631578947368
"2594","Tephrosia_cinerea",0.189692771084337
"2595","Tephrosia_cordata",0.0842592592592593
"2596","Tephrosia_dietrichiae",0.043
"2597","Tephrosia_dregeana",0.130952095808383
"2598","Tephrosia_elata",0.204210526315789
"2599","Tephrosia_elongata",0.0516318681318681
"2600","Tephrosia_filipes",0.0398539156626506
"2601","Tephrosia_flagellaris",0.043
"2602","Tephrosia_glomeruliflora",0.0483472222222222
"2603","Tephrosia_grandiflora",0.112801104972376
"2604","Tephrosia_juncea",0.0362682926829268
"2605","Tephrosia_linearis",0.101440459110473
"2606","Tephrosia_longipes",0.0792763157894737
"2607","Tephrosia_lupinifolia",0.0840212765957447
"2608","Tephrosia_macropoda",0.0441304347826087
"2609","Tephrosia_multijuga",0.0624395604395604
"2610","Tephrosia_natalensis",0.0442142857142857
"2611","Tephrosia_nitens",0.129957746478873
"2612","Tephrosia_noctiflora",0.159544642857143
"2613","Tephrosia_obovata",0.114
"2614","Tephrosia_paniculata",0.197372549019608
"2615","Tephrosia_polystachya",0.0595609756097561
"2616","Tephrosia_pumila",0.186445497630332
"2617","Tephrosia_purpurea",0.198682279092227
"2618","Tephrosia_remotiflora",0.0244962292609352
"2619","Tephrosia_reptans",0.198274509803922
"2620","Tephrosia_rhodesica",0.132784172661871
"2621","Tephrosia_rosea",0.0419301994301995
"2622","Tephrosia_rufula",0.042375
"2623","Tephrosia_semiglabra",0.0541216216216216
"2624","Tephrosia_senna",0.151866666666667
"2625","Tephrosia_sessiliflora",0.392168421052632
"2626","Tephrosia_shiluwanensis",0.0441940298507463
"2627","Tephrosia_sinapou",0.319769230769231
"2628","Tephrosia_sphaerospora",0.0226757246376812
"2629","Tephrosia_spicata",0.0585696517412935
"2630","Tephrosia_subtriflora",0.1684
"2631","Tephrosia_supina",0.0322786885245901
"2632","Tephrosia_uniflora",0.0796076233183856
"2633","Tephrosia_vestita",0.379636363636364
"2634","Tephrosia_vicioides",0.168728813559322
"2635","Tephrosia_villosa",0.151703821656051
"2636","Tephrosia_virginiana",0.0363955735660848
"2637","Tephrosia_vogelii",0.223079365079365
"2638","Teramnus_labialis",0.178931851851852
"2639","Teramnus_repens",0.201085714285714
"2640","Teramnus_uncinatus",0.200571056062581
"2641","Teramnus_volubilis",0.405285714285714
"2642","Tetraberlinia_bifoliolata",0.0736296296296296
"2643","Tetraberlinia_moreliana",0.0708076923076923
"2644","Thermopsis_barbata",0.480741935483871
"2645","Thermopsis_inflata",0.38246
"2646","Thermopsis_lanceolata",0.0722813688212929
"2647","Thermopsis_macrophylla",0.043
"2648","Thermopsis_montana",0.0260888717156105
"2649","Thermopsis_villosa",0.0571509433962264
"2650","Tibetia_himalaica",0.414737373737374
"2651","Tipuana_tipu",0.124644486692015
"2652","Trifolium_affine",0.245590909090909
"2653","Trifolium_africanum",0.0701851851851852
"2654","Trifolium_albopurpureum",0.0426630109670987
"2655","Trifolium_alexandrinum",0.136549935149157
"2656","Trifolium_alpestre",0.0953111794083755
"2657","Trifolium_alpinum",0.111536819887429
"2658","Trifolium_amabile",0.189396739130434
"2659","Trifolium_ambiguum",0.117128571428571
"2660","Trifolium_angustifolium",0.0858874914021807
"2661","Trifolium_argutum",0.148279176201373
"2662","Trifolium_arvense",0.0859015436990017
"2663","Trifolium_aureum",0.102764955295421
"2664","Trifolium_baccarinii",0.150964071856287
"2665","Trifolium_badium",0.0970151515151513
"2666","Trifolium_barbigerum",0.0427587939698492
"2667","Trifolium_beckwithii",0.0401904761904762
"2668","Trifolium_bejariense",0.03878125
"2669","Trifolium_bifidum",0.0402536082474227
"2670","Trifolium_bocconei",0.129785063752277
"2671","Trifolium_boissieri",0.22183125
"2672","Trifolium_burchellianum",0.162117224880383
"2673","Trifolium_campestre",0.0895478489326783
"2674","Trifolium_canescens",0.212697986577181
"2675","Trifolium_carolinianum",0.0388109756097561
"2676","Trifolium_cernuum",0.0731929824561403
"2677","Trifolium_cherleri",0.150610772088088
"2678","Trifolium_ciliolatum",0.0421037037037037
"2679","Trifolium_clusii",0.0995568862275449
"2680","Trifolium_clypeatum",0.0958708189158017
"2681","Trifolium_cryptopodium",0.164511278195489
"2682","Trifolium_cyathiferum",0.0332212943632568
"2683","Trifolium_dalmaticum",0.191688888888889
"2684","Trifolium_dasyphyllum",0.0189035532994924
"2685","Trifolium_dasyurum",0.137237288135593
"2686","Trifolium_decorum",0.161
"2687","Trifolium_depauperatum",0.0437840616966581
"2688","Trifolium_dichotomum",0.0391137440758294
"2689","Trifolium_diffusum",0.139816216216216
"2690","Trifolium_dubium",0.0718953341170117
"2691","Trifolium_echinatum",0.207338108882522
"2692","Trifolium_fragiferum",0.0895553484036354
"2693","Trifolium_fucatum",0.0424423076923077
"2694","Trifolium_glanduliferum",0.125651785714286
"2695","Trifolium_globosum",0.187779411764706
"2696","Trifolium_glomeratum",0.0814138595609189
"2697","Trifolium_gracilentum",0.0434325767690254
"2698","Trifolium_grandiflorum",0.220496503496503
"2699","Trifolium_haydenii",0.0477727272727273
"2700","Trifolium_hirtum",0.0870947436729381
"2701","Trifolium_hybridum",0.0907062524527471
"2702","Trifolium_incarnatum",0.085587678432778
"2703","Trifolium_isthmocarpum",0.171574074074074
"2704","Trifolium_kingii",0.025047619047619
"2705","Trifolium_lappaceum",0.123649932157395
"2706","Trifolium_leucanthum",0.159548192771084
"2707","Trifolium_ligusticum",0.0872612330198538
"2708","Trifolium_longipes",0.0326609464378576
"2709","Trifolium_lupinaster",0.0478314166231049
"2710","Trifolium_mattirolianum",0.161
"2711","Trifolium_medium",0.0977042790152394
"2712","Trifolium_michelianum",0.124177835051546
"2713","Trifolium_micranthum",0.0871230884933567
"2714","Trifolium_microcephalum",0.0391039540816327
"2715","Trifolium_microdon",0.0382934782608696
"2716","Trifolium_nanum",0.0192479338842975
"2717","Trifolium_nigrescens",0.135524708304735
"2718","Trifolium_obscurum",0.152982456140351
"2719","Trifolium_oliganthum",0.0354675324675325
"2720","Trifolium_ornithopodioides",0.083526627218935
"2721","Trifolium_palaestinum",0.0657666666666667
"2722","Trifolium_pallescens",0.0961114130434783
"2723","Trifolium_pallidum",0.167914893617021
"2724","Trifolium_pannonicum",0.176980487804878
"2725","Trifolium_parryi",0.019590017825312
"2726","Trifolium_patens",0.120519706078824
"2727","Trifolium_pauciflorum",0.226338461538462
"2728","Trifolium_physodes",0.203741414141414
"2729","Trifolium_plebeium",0.115918367346939
"2730","Trifolium_polymorphum",0.0746453488372093
"2731","Trifolium_polyphyllum",0.148235294117647
"2732","Trifolium_polystachyum",0.164307692307692
"2733","Trifolium_pratense",0.0868675473175985
"2734","Trifolium_pseudostriatum",0.168725490196078
"2735","Trifolium_quartinianum",0.161
"2736","Trifolium_reflexum",0.0282379679144385
"2737","Trifolium_repens",0.082205747017322
"2738","Trifolium_resupinatum",0.109368813383027
"2739","Trifolium_retusum",0.133293248945148
"2740","Trifolium_rubens",0.11137867234806
"2741","Trifolium_rueppellianum",0.168510638297872
"2742","Trifolium_scabrum",0.120518011894647
"2743","Trifolium_scutatum",0.237477611940298
"2744","Trifolium_semipilosum",0.16782421875
"2745","Trifolium_simense",0.151260355029586
"2746","Trifolium_spadiceum",0.119681998676373
"2747","Trifolium_spumosum",0.212730814639906
"2748","Trifolium_squamosum",0.113457381615599
"2749","Trifolium_squarrosum",0.132324909747292
"2750","Trifolium_stellatum",0.129855309098377
"2751","Trifolium_steudneri",0.161477777777778
"2752","Trifolium_stoloniferum",0.05275
"2753","Trifolium_striatum",0.0937884108867432
"2754","Trifolium_strictum",0.126708617482951
"2755","Trifolium_subterraneum",0.0763123353653956
"2756","Trifolium_suffocatum",0.0998692962103636
"2757","Trifolium_sylvaticum",0.13446511627907
"2758","Trifolium_tembense",0.163959183673469
"2759","Trifolium_thalii",0.111922886452069
"2760","Trifolium_tomentosum",0.117344688644689
"2761","Trifolium_tumens",0.230844444444444
"2762","Trifolium_uniflorum",0.178247422680412
"2763","Trifolium_usambarense",0.159762886597938
"2764","Trifolium_variegatum",0.0393440334961619
"2765","Trifolium_vesiculosum",0.0921498470948012
"2766","Trifolium_willdenovii",0.0430493612078977
"2767","Trifolium_wormskioldii",0.0567130492676431
"2768","Trigonella_anguina",0.293229166666667
"2769","Trigonella_arabica",0.0660753623188406
"2770","Trigonella_balansae",0.181777070063694
"2771","Trigonella_berythea",0.0761458333333333
"2772","Trigonella_caelesyriaca",0.140985507246377
"2773","Trigonella_caerulea",0.0917261904761905
"2774","Trigonella_cylindracea",0.120274509803922
"2775","Trigonella_emodi",0.400464788732394
"2776","Trigonella_glabra",0.225022727272727
"2777","Trigonella_gladiata",0.126219012115564
"2778","Trigonella_spruneriana",0.406823529411765
"2779","Trigonella_stellata",0.0756728971962617
"2780","Trigonella_suavissima",0.0268753623188406
"2781","Tripodion_tetraphyllum",0.145817938420348
"2782","Tylosema_esculentum",0.0768585858585858
"2783","Ulex_europaeus",0.0780582101639907
"2784","Ulex_gallii",0.0891079319663005
"2785","Uraria_crinita",0.245801229508197
"2786","Uraria_lagopodioides",0.107261405672009
"2787","Uraria_picta",0.119024390243902
"2788","Uraria_rufescens",0.5485
"2789","Vandasina_retusa",0.101155737704918
"2790","Vatairea_erythrocarpa",0.422786666666667
"2791","Vatairea_guianensis",0.371194444444444
"2792","Vatairea_heteroptera",0.12934375
"2793","Vataireopsis_araroba",0.118709677419355
"2794","Vicia_acutifolia",0.0322368932038835
"2795","Vicia_americana",0.0265856554967667
"2796","Vicia_amoena",0.0845111001480017
"2797","Vicia_amurensis",0.0667652916073968
"2798","Vicia_articulata",0.156514809590974
"2799","Vicia_benghalensis",0.122244371674171
"2800","Vicia_biennis",0.0496765799256505
"2801","Vicia_bithynica",0.123852995222345
"2802","Vicia_bungei",0.28077027027027
"2803","Vicia_caroliniana",0.0479232613908873
"2804","Vicia_cassubica",0.113529381619405
"2805","Vicia_cracca",0.0842240884367484
"2806","Vicia_disperma",0.104292929292929
"2807","Vicia_dumetorum",0.0953426014701182
"2808","Vicia_ervilia",0.291613888888889
"2809","Vicia_faba",0.144069046030689
"2810","Vicia_floridana",0.031
"2811","Vicia_graminea",0.188410256410256
"2812","Vicia_grandiflora",0.114359580052493
"2813","Vicia_hirsuta",0.08895278233145
"2814","Vicia_hybrida",0.14639693654267
"2815","Vicia_hyrcanica",0.46427950310559
"2816","Vicia_lathyroides",0.0938281798156161
"2817","Vicia_linearifolia",0.0668095238095238
"2818","Vicia_ludoviciana",0.0401797171438427
"2819","Vicia_lutea",0.123476021531686
"2820","Vicia_melanops",0.155465069860279
"2821","Vicia_minutiflora",0.0398866995073892
"2822","Vicia_monantha",0.126051094890512
"2823","Vicia_nana",0.0698260869565217
"2824","Vicia_narbonensis",0.190423248053393
"2825","Vicia_nipponica",0.0736261682242991
"2826","Vicia_ochroleuca",0.135216216216216
"2827","Vicia_palaestina",0.134591755319149
"2828","Vicia_pannonica",0.114386231038506
"2829","Vicia_parviflora",0.128031115366204
"2830","Vicia_peregrina",0.172156249999998
"2831","Vicia_pisiformis",0.0850070136581765
"2832","Vicia_pseudo-orobus",0.0985350609756096
"2833","Vicia_pubescens",0.140987132352941
"2834","Vicia_pulchella",0.0880661157024793
"2835","Vicia_ramuliflora",0.0402815533980583
"2836","Vicia_sativa",0.0848832739844627
"2837","Vicia_sepium",0.0940101315122963
"2838","Vicia_serratifolia",0.135109090909091
"2839","Vicia_sicula",0.131117647058824
"2840","Vicia_sylvatica",0.101180741289158
"2841","Vicia_tenuifolia",0.109848529505991
"2842","Vicia_tetrasperma",0.0978595126313431
"2843","Vicia_unijuga",0.0800243771765332
"2844","Vicia_venosa",0.0693094289508633
"2845","Vicia_villosa",0.0842617231353802
"2846","Vigna_aconitifolia",0.533663265306123
"2847","Vigna_angularis",0.133293074324325
"2848","Vigna_comosa",0.176888888888889
"2849","Vigna_dalzelliana",0.692529411764706
"2850","Vigna_frutescens",0.180695810564663
"2851","Vigna_gazensis",0.258473684210526
"2852","Vigna_hosei",0.125676767676768
"2853","Vigna_juncea",0.31845
"2854","Vigna_khandalensis",0.701
"2855","Vigna_lanceolata",0.0276701404621657
"2856","Vigna_lasiocarpa",0.31718932038835
"2857","Vigna_longifolia",0.107936305732484
"2858","Vigna_luteola",0.103400135180804
"2859","Vigna_marina",0.156962053571429
"2860","Vigna_minima",0.256430939226519
"2861","Vigna_monophylla",0.233643835616438
"2862","Vigna_multinervis",0.119411214953271
"2863","Vigna_mungo",0.498100233100233
"2864","Vigna_oblongifolia",0.180407692307692
"2865","Vigna_parkeri",0.186507142857143
"2866","Vigna_pygmaea",0.261161290322581
"2867","Vigna_radiata",0.296472129783694
"2868","Vigna_reflexopilosa",0.125924812030075
"2869","Vigna_subterranea",0.180374739039666
"2870","Vigna_trilobata",0.583709359605911
"2871","Vigna_triphylla",0.263125
"2872","Vigna_umbellata",0.353081395348837
"2873","Vigna_unguiculata",0.211260150375939
"2874","Viminaria_juncea",0.0295565423327413
"2875","Virgilia_divaricata",0.23
"2876","Virgilia_oroboides",0.231463917525773
"2877","Vouacapoua_americana",0.10340350877193
"2878","Vouacapoua_pallidior",0.125
"2879","Wallaceodendron_celebicum",0.629137931034483
"2880","Wiborgia_monoptera",0.23
"2881","Wiborgia_mucronata",0.23
"2882","Wiborgia_obcordata",0.23
"2883","Wisteria_brachybotrys",0.056
"2884","Wisteria_floribunda",0.0600536352800955
"2885","Wisteria_frutescens",0.0442358845671267
"2886","Wisteria_sinensis",0.138847417840376
"2887","Xanthocercis_madagascariensis",0.202
"2888","Xylia_torreana",0.245714285714286
"2889","Xylia_xylocarpa",0.492432664756447
"2890","Zapoteca_formosa",0.208433606557377
"2891","Zenkerella_citrina",0.1196
"2892","Zollernia_glabra",0.13940350877193
"2893","Zollernia_ilicifolia",0.1125
"2894","Zollernia_paraensis",0.108638888888889
"2895","Zornia_brasiliensis",0.0834896907216495
"2896","Zornia_capensis",0.0727848837209302
"2897","Zornia_curvata",0.137232558139535
"2898","Zornia_diphylla",0.336734782608695
"2899","Zornia_gibbosa",0.416251308900524
"2900","Zornia_glabra",0.0934
"2901","Zornia_linearis",0.0474044943820225
"2902","Zornia_milneana",0.0879012345679012
"2903","Zornia_pratensis",0.183306451612903
"2904","Zornia_reticulata",0.157237938596491
"2905","Zygia_cataractae",0.317373362445415
"2906","Zygia_cauliflora",0.168465909090909
"2907","Zygia_inaequalis",0.481528985507246
"2908","Zygia_juruana",0.34162962962963
"2909","Zygia_latifolia",0.325280078895464
"2910","Zygia_longifolia",0.522102073365231
